Article Title,Author Full Names,Authors,Researcher Ids,ORCIDs,Publication Date,Publication Year,Volume,Issue,Article Number,DOI,DOI Link
Earthquake Catalog-Based Machine Learning Identification of Laboratory Fault States and the Effects of Magnitude of Completeness,"Lubbers, Nicholas; Bolton, David C.; Mohd-Yusof, Jamaludin; Marone, Chris; Barros, Kipton; Johnson, Paul A.","Lubbers, N; Bolton, DC; Mohd-Yusof, J; Marone, C; Barros, K; Johnson, PA",,"Mohd Yusof, Jamaludin/0000-0002-9844-689X; Barros, Kipton/0000-0002-1333-5972; Johnson, Paul/0000-0002-0927-4003",Dec 28,2018,45,24,,10.1029/2018GL079712,http://dx.doi.org/10.1029/2018GL079712
Earthquake potential in and around China: Estimated from past earthquakes - art. no. 1780,"Rong, YF; Jackson, DD","Rong, YF; Jackson, DD","; Jackson, David/A-9828-2008","Rong, Yufang/0000-0001-5266-3859; Jackson, David/0000-0001-7913-5714",Aug 22,2002,29,16,1780,10.1029/2002GL015297,http://dx.doi.org/10.1029/2002GL015297
New Insights Into Active Faults Revealed by a Deep-Learning-Based Earthquake Catalog in Central Myanmar,"Yang, Shun; Xiao, Zhuowei; Wei, Shengji; He, Yumei; Mon, Chit Thet; Hou, Guangbing; Thant, Myo; Sein, Kyaing; Jiang, Mingming","Yang, S; Xiao, ZW; Wei, SJ; He, YM; Mon, CT; Hou, GB; Thant, M; Sein, K; Jiang, MM","; Xiao, Zhuowei/ACA-4802-2022; Wei, Shengji/M-2137-2015","Jiang, Mingming/0000-0002-7666-4378; Xiao, Zhuowei/0000-0001-9575-9375; Wei, Shengji/0000-0002-0319-0714",Jan 18,2024,51,2,e2023GL105159,10.1029/2023GL105159,http://dx.doi.org/10.1029/2023GL105159
Using Deep Learning for Flexible and Scalable Earthquake Forecasting,"Dascher-Cousineau, Kelian; Shchur, Oleksandr; Brodsky, Emily E.; Guennemann, Stephan","Dascher-Cousineau, K; Shchur, O; Brodsky, EE; Günnemann, S","Brodsky, Emily/B-9139-2014; Dascher-Cousineau, Kelian/KUD-8477-2024","Brodsky, Emily/0000-0002-6855-6860; Dascher-Cousineau, Kelian/0000-0002-3118-8056",Sep 16,2023,50,17,e2023GL103909,10.1029/2023GL103909,http://dx.doi.org/10.1029/2023GL103909
Very Low Frequency Earthquakes Modulate Regular Fast Earthquakes at the Central Range in Taiwan,"Chaudhuri, K.; Ghosh, A.","Chaudhuri, K; Ghosh, A","; Ghosh, Abhijit/E-3197-2010","Chaudhuri, Kuntal/0000-0003-4360-6291; Ghosh, Abhijit/0000-0002-0557-2839",Mar 16,2023,50,5,e2022GL102505,10.1029/2022GL102505,http://dx.doi.org/10.1029/2022GL102505
Sea Level Changes Affect Seismicity Rates in a Hydrothermal System Near Istanbul,"Martinez-Garzon, P.; Beroza, G. C.; Bocchini, G. M.; Bohnhoff, M.","Martinez-Garzón, P; Beroza, GC; Bocchini, GM; Bohnhoff, M","; Bohnhoff, Marco/B-4354-2017; Bocchini, Gian Maria/GYR-0756-2022","Beroza, Gregory/0000-0002-8667-1838; Bohnhoff, Marco/0000-0001-7383-635X; Bocchini, Gian Maria/0000-0001-9265-7859",Feb 16,2023,50,3,,10.1029/2022GL101258,http://dx.doi.org/10.1029/2022GL101258
Spatiotemporal Variations of Intermediate-Depth Earthquakes Before and After 2011 Tohoku Earthquake Revealed by a Template Matching Catalog,"Zhai, Qiushi; Peng, Zhigang; Matsubara, Makoto; Obara, Kazushige; Wang, Yanbin","Zhai, QS; Peng, ZG; Matsubara, M; Obara, K; Wang, YB","Zhai, Qiushi/JFA-9317-2023; PENG, ZHI/IQT-6531-2023","Zhai, Qiushi/0000-0003-2583-5146; Matsubara, Makoto/0000-0002-5662-2269; Wang, Yanbin/0000-0001-5716-3183; Obara, Kazushige/0000-0003-3889-388X;",Nov 28,2023,50,22,e2023GL104068,10.1029/2023GL104068,http://dx.doi.org/10.1029/2023GL104068
Deep Learning Models Augment Analyst Decisions for Event Discrimination,"Linville, Lisa; Pankow, Kristine; Draelos, Timothy","Linville, L; Pankow, K; Draelos, T",,"Pankow, Kristine/0000-0002-2526-8199; Linville, Lisa/0000-0003-1319-1056",Apr 16,2019,46,7,,10.1029/2018GL081119,http://dx.doi.org/10.1029/2018GL081119
Convergence of the frequency-size distribution of global earthquakes,"Bell, Andrew F.; Naylor, Mark; Main, Ian G.","Bell, AF; Naylor, M; Main, IG","Main, Ian Graham/AAO-4365-2021; Naylor, Mark/B-8460-2008","Main, Ian Graham/0000-0001-7031-6746; Naylor, Mark/0000-0002-3761-5522; Bell, Anew/0000-0002-5633-6289",Jun 16,2013,40,11,,10.1002/grl.50416,http://dx.doi.org/10.1002/grl.50416
Pervasive Foreshock Activity Across Southern California,"Trugman, Daniel T.; Ross, Zachary E.","Trugman, DT; Ross, ZE",,"Ross, Zachary/0000-0002-6343-8400; Trugman, Daniel/0000-0002-9296-4223",Aug 16,2019,46,15,,10.1029/2019GL083725,http://dx.doi.org/10.1029/2019GL083725
Isolated cases of remote dynamic triggering in Canada detected using cataloged earthquakes combined with a matched-filter approach,"Wang, Bei; Harrington, Rebecca M.; Liu, Yajing; Yu, Hongyu; Carey, Alex; van der Elst, Nicholas J.","Wang, B; Harrington, RM; Liu, YJ; Yu, HY; Carey, A; van der Elst, NJ","Liu, Yajing/HPC-1897-2023",,Jul 16,2015,42,13,,10.1002/2015GL064377,http://dx.doi.org/10.1002/2015GL064377
Assessing the climate-scale variability of atmospheric rivers affecting western North America,"Gershunov, Alexander; Shulgina, Tamara; Ralph, F. Martin; Lavers, David A.; Rutz, Jonathan J.","Gershunov, A; Shulgina, T; Ralph, FM; Lavers, DA; Rutz, JJ",,,Aug 16,2017,44,15,,10.1002/2017GL074175,http://dx.doi.org/10.1002/2017GL074175
Machine Learning Predicts Earthquakes in the Continuum Model of a Rate-And-State Fault With Frictional Heterogeneities,"Norisugi, Reiju; Kaneko, Yoshihiro; Rouet-Leduc, Bertrand","Norisugi, R; Kaneko, Y; Rouet-Leduc, B","Kaneko, Yoshihiro/B-8264-2013","Kaneko, Yoshihiro/0000-0003-2342-0131; Rouet-Leduc, Bertrand/0000-0002-2791-7949; Norisugi, Reiju/0009-0002-6610-9482",Apr 27,2024,51,9,e2024GL108655,10.1029/2024GL108655,http://dx.doi.org/10.1029/2024GL108655
Temporal variation in the magnitude-frequency distribution during the Guy-Greenbrier earthquake sequence,"Huang, Yihe; Beroza, Gregory C.","Huang, YH; Beroza, GC","; Huang, Yihe/AAJ-5971-2020","Beroza, Gregory/0000-0002-8667-1838;",Aug 28,2015,42,16,,10.1002/2015GL065170,http://dx.doi.org/10.1002/2015GL065170
Can we trust earthquake cluster detection tests?,"de Oliveira, F. Dimer","de Oliveira, FD","de Oliveira, Felipe/G-4242-2013",,Sep 15,2012,39,,L17305,10.1029/2012GL052130,http://dx.doi.org/10.1029/2012GL052130
Rare Occurrences of Non-cascading Foreshock Activity in Southern California,"Moutote, L.; Marsan, D.; Lengline, O.; Duputel, Z.","Moutote, L; Marsan, D; Lengliné, O; Duputel, Z","; Duputel, Zacharie/C-2906-2016","Moutote, Luc/0000-0002-1227-1524; Lengliné, Olivier/0000-0003-0678-2587; Duputel, Zacharie/0000-0002-8809-451X",Apr 16,2021,48,7,e2020GL091757,10.1029/2020GL091757,http://dx.doi.org/10.1029/2020GL091757
"Machine-Learning-Based Analysis of the Guy-Greenbrier, Arkansas Earthquakes: A Tale of Two Sequences","Park, Yongsoo; Mousavi, S. Mostafa; Zhu, Weiqiang; Ellsworth, William L.; Beroza, Gregory C.","Park, Y; Mousavi, SM; Zhu, WQ; Ellsworth, WL; Beroza, GC","Park, Yongsoo/ADB-5549-2022; mousavi, seyed mostafa/H-9475-2019; Ellsworth, Lindsay/AAN-4169-2020","Park, Yongsoo/0000-0001-5466-8004; Zhu, Weiqiang/0000-0003-2889-1493; Beroza, Gregory/0000-0002-8667-1838; mousavi, seyed mostafa/0000-0001-5091-5370;",Mar 28,2020,47,6,e2020GL087032,10.1029/2020GL087032,http://dx.doi.org/10.1029/2020GL087032
Discovery and analysis of topographic features using learning algorithms: A seamount case study,"Valentine, Andrew P.; Kalnins, Lara M.; Trampert, Jeannot","Valentine, AP; Kalnins, LM; Trampert, J","Trampert, Jeannot/B-8090-2015; Valentine, Anew/A-9585-2013","Trampert, Jeannot/0000-0002-5868-9491; Valentine, Anew/0000-0001-6134-9351; Kalnins, Lara/0000-0002-6891-0698",Jun 28,2013,40,12,,10.1002/grl.50615,http://dx.doi.org/10.1002/grl.50615
"Unusual Seismic Signals in the Sevier Desert, Utah Possibly Related to the Black Rock Volcanic Field","Mesimeri, Maria; Pankow, Kristine L.; Barnhart, William D.; Whidden, Katherine M.; Hale, J. Mark","Mesimeri, M; Pankow, KL; Barnhart, WD; Whidden, KM; Hale, JM","; Barnhart, William/L-9446-2015","Mesimeri, Maria/0000-0001-6940-1759; Pankow, Kristine/0000-0002-2526-8199; Hale, John/0000-0002-6371-8517; Barnhart, William/0000-0002-6576-068X",Mar 16,2021,48,5,e2020GL090949,10.1029/2020GL090949,http://dx.doi.org/10.1029/2020GL090949
Generic dependence of the frequency-size distribution of earthquakes on depth and its relation to the strength profile of the crust,"Spada, M.; Tormann, T.; Wiemer, S.; Enescu, B.","Spada, M; Tormann, T; Wiemer, S; Enescu, B","Enescu, Bogdan/J-6980-2012; Spada, Matteo/C-7866-2013; Enescu, Bogdan/J-6980-2012; Wiemer, Stefan/E-5033-2015","Enescu, Bogdan/0000-0003-2153-0097; Spada, Matteo/0000-0001-9265-9491; Wiemer, Stefan/0000-0002-4919-3283",Feb 28,2013,40,4,,10.1029/2012GL054198,http://dx.doi.org/10.1029/2012GL054198
Reply to Comment by A. G. Davies on Io Hot Spot Distribution Detected by Juno/JIRAM,"Zambon, F.; Mura, A.; Tosi, F.","Zambon, F; Mura, A; Tosi, F","Mura, Alessano/AAG-1885-2020; Tosi, Federico/F-2321-2018","Mura, Alessano/0000-0002-4552-4292; Tosi, Federico/0000-0003-4002-2434",Jan 8,2025,52,1,e2024GL112921,10.1029/2024GL112921,http://dx.doi.org/10.1029/2024GL112921
Precursory accelerating seismic moment release (AMR) in a synthetic seismicity catalog: A preliminary study - art. no. L07309,"Robinson, R; Zhou, SY; Johnston, S; Vere-Jones, D","Robinson, R; Zhou, SY; Johnston, S; Vere-Jones, D",,,Apr 13,2005,32,7,L07309,10.1029/2005GL022576,http://dx.doi.org/10.1029/2005GL022576
A new approach for associating earthquakes with geological structures:: Application to epicenters in southern Illinois and southeastern Missouri -: art. no. 1689,"Amorèse, D","Amorèse, D",,,Jul 8,2003,30,13,1689,10.1029/2003GL017247,http://dx.doi.org/10.1029/2003GL017247
Distribution of tsunami interevent times,"Geist, Eric L.; Parsons, Tom","Geist, EL; Parsons, T","Parsons, Tom/A-3424-2008","Parsons, Tom/0000-0002-0582-4338",Jan 26,2008,35,2,L02612,10.1029/2007GL032690,http://dx.doi.org/10.1029/2007GL032690
Modeling aftershocks as a stretched exponential relaxation,"Mignan, A.","Mignan, A",,"Mignan, Arnaud/0000-0002-2167-7534",Nov 28,2015,42,22,,10.1002/2015GL066232,http://dx.doi.org/10.1002/2015GL066232
Earthquake characteristics before eruptions of Japan's Ontake volcano in 2007 and 2014,"Zhang, Miao; Wen, Lianxing","Zhang, M; Wen, LX","; Zhang, Miao/AAM-2510-2021","Wen, Lianxing/0000-0002-5344-6212; Zhang, Miao/0000-0002-2555-7134",Sep 16,2015,42,17,,10.1002/2015GL065165,http://dx.doi.org/10.1002/2015GL065165
Are megaquakes clustered?,"Daub, Eric G.; Ben-Naim, Eli; Guyer, Robert A.; Johnson, Paul A.","Daub, EG; Ben-Naim, E; Guyer, RA; Johnson, PA","Ben-Naim, Eli/C-7542-2009","Ben-Naim, Eli/0000-0002-2444-7304; Johnson, Paul/0000-0002-0927-4003",Mar 29,2012,39,,L06308,10.1029/2012GL051465,http://dx.doi.org/10.1029/2012GL051465
Consensus and Disagreement in Atmospheric River Detection: ARTMIP Global Catalogues,"Lora, J. M.; Shields, C. A.; Rutz, J. J.","Lora, JM; Shields, CA; Rutz, JJ",,"Lora, Juan/0000-0001-9925-1050; Shields, Christine A/0000-0003-4481-1377",Oct 28,2020,47,20,e2020GL089302,10.1029/2020GL089302,http://dx.doi.org/10.1029/2020GL089302
Mode switching in volcanic seismicity: El Hierro 2011-2013,"Roberts, Nick S.; Bell, Andrew F.; Main, Ian G.","Roberts, NS; Bell, AF; Main, IG","; Main, Ian Graham/AAO-4365-2021","Bell, Anew/0000-0002-5633-6289; Main, Ian Graham/0000-0001-7031-6746",May 16,2016,43,9,,10.1002/2016GL068809,http://dx.doi.org/10.1002/2016GL068809
Breaking the Caribbean Plate: Subduction Initiation Beneath the Northern Margin of Panama,"Wagner, Lara S.; Prieto, German A.; Montes, Camilo; Ramos, J. P.; Dionicio, V.; Pedraza, P.","Wagner, LS; Prieto, GA; Montes, C; Ramos, JP; Dionicio, V; Pedraza, P","Prieto, German/O-3025-2019; Wagner, Lara/P-8638-2019; Ramos, Juan/LQJ-4702-2024","Prieto, German/0000-0001-8538-7379; Montes, Camilo/0000-0002-3553-0787; Ramos, Juan Pablo/0009-0006-1528-1185;",Sep 18,2025,52,18,e2025GL116734,10.1029/2025GL116734,http://dx.doi.org/10.1029/2025GL116734
Automatic classification of endogenous landslide seismicity using the Random Forest supervised classifier,"Provost, F.; Hibert, C.; Malet, J. -P.","Provost, F; Hibert, C; Malet, JP","Malet, Jean-Philippe/H-1438-2011","Malet, Jean-Philippe/0000-0003-0426-4911",JAN,2017,44,1,,10.1002/2016GL070709,http://dx.doi.org/10.1002/2016GL070709
The First Global Catalog of Rockfall Locations on Mars,"Bickel, V. T.; Daubar, I. J.; Sokolowska, A. J.; Bonab, A.; Haut, I.; Conway, S. J.","Bickel, VT; Daubar, IJ; Sokolowska, AJ; Bonab, A; Haut, I; Conway, SJ","Bickel, Valentin Tertius/AAI-3142-2021; Daubar, Ingrid J/KHY-6557-2024; Conway, Susan/C-4354-2018","Bickel, Valentin Tertius/0000-0002-7914-2516; Daubar, Ingrid J/0000-0001-9790-2972; Sokolowska, Aleksana/0000-0003-0898-8247; Conway, Susan/0000-0002-0577-2312; Bonab, Ariyana/0009-0002-1754-1121",Dec 16,2024,51,24,e2024GL110674,10.1029/2024GL110674,http://dx.doi.org/10.1029/2024GL110674
New frequency-based real-time magnitude proxy for earthquake early warning,"Ziv, A.","Ziv, A",,,Oct 28,2014,41,20,,10.1002/2014GL061564,http://dx.doi.org/10.1002/2014GL061564
Identification of Low-Frequency Earthquakes on the San Andreas Fault With Deep Learning,"Thomas, Amanda M.; Inbal, Asaf; Searcy, Jacob; Shelly, David R.; Burgmann, Roland","Thomas, AM; Inbal, A; Searcy, J; Shelly, DR; Bürgmann, R","; Burgmann, Roland/AAE-5138-2022","Thomas, Amanda M/0000-0001-6997-3140; Burgmann, Roland/0000-0002-3560-044X",Jul 16,2021,48,13,e2021GL093157,10.1029/2021GL093157,http://dx.doi.org/10.1029/2021GL093157
Reflective Body Waves Extracted From 1 Month of Global Microseisms Illuminate the Perturbed Mantle Transition Zone Beneath SW Japan,"Zhang, Ping; Nishida, Kiwamu; Fang, Hongjian","Zhang, P; Nishida, K; Fang, HJ","; Nishida, Kiwamu/B-5416-2012","Zhang, Ping/0000-0003-1425-3925; Fang, Hongjian/0000-0001-7029-9931; Nishida, Kiwamu/0000-0001-6778-8080",May 19,2025,52,10,e2025GL116419,10.1029/2025GL116419,http://dx.doi.org/10.1029/2025GL116419
Learning the Low Frequency Earthquake Activity on the Central San Andreas Fault,"Johnson, Christopher W.; Johnson, Paul A.","Johnson, CW; Johnson, PA",,"Johnson, Christopher/0000-0002-2589-7593; Johnson, Paul/0000-0002-0927-4003",Jul 16,2021,48,13,e2021GL092951,10.1029/2021GL092951,http://dx.doi.org/10.1029/2021GL092951
Seismic quiescence before the 2000 M=7.3 Tottori earthquake - art. no. 1578,"Huang, QH; Nagao, T","Huang, QH; Nagao, T","Huang, Qinghua/A-1007-2011","Huang, Qinghua/0000-0002-1923-3002",Jun 15,2002,29,12,1578,10.1029/2001GL013835,http://dx.doi.org/10.1029/2001GL013835
Io Hot Spot Distribution Detected by Juno/JIRAM,"Zambon, F.; Mura, A.; Lopes, R. M. C.; Rathbun, J.; Tosi, F.; Sordini, R.; Noschese, R.; Ciarniello, M.; Cicchetti, A.; Adriani, A.; Agostini, L.; Filacchione, G.; Grassi, D.; Piccioni, G.; Plainaki, C.; Sindoni, G.; Turrini, D.; Brooks, S.; Hansen-Koharcheck, C.; Bolton, S.","Zambon, F; Mura, A; Lopes, RMC; Rathbun, J; Tosi, F; Sordini, R; Noschese, R; Ciarniello, M; Cicchetti, A; Adriani, A; Agostini, L; Filacchione, G; Grassi, D; Piccioni, G; Plainaki, C; Sindoni, G; Turrini, D; Brooks, S; Hansen-Koharcheck, C; Bolton, S","; Filacchione, Gianrico/S-2320-2017; Mura, Alessano/AAG-1885-2020; Grassi, Davide/B-7916-2018; Lopes, Rosaly/D-1608-2016; Tosi, Federico/F-2321-2018; Zambon, Francesca/HLQ-7030-2023","Turrini, Diego/0000-0002-1923-7740; Filacchione, Gianrico/0000-0001-9567-0055; Mura, Alessano/0000-0002-4552-4292; Agostini, Livio/0000-0001-7293-5823; Noschese, Raffaella/0000-0003-0502-0337; Aiani, Alberto/0000-0003-4998-8008; Grassi, Davide/0000-0003-1653-3066; Lopes, Rosaly/0000-0002-7928-3167; CICCHETTI, ANEA/0000-0002-9588-6531; Rathbun, Julie/0000-0001-7619-652X; Ciarniello, Mauro/0000-0002-7498-5207; Tosi, Federico/0000-0003-4002-2434;",Jan 16,2023,50,1,,10.1029/2022GL100597,http://dx.doi.org/10.1029/2022GL100597
Source Characteristics and Along-Strike Variations of Shallow Very Low Frequency Earthquake Swarms on the Nankai Trough Shallow Plate Boundary,"Takemura, Shunsuke; Baba, Satoru; Yabe, Suguru; Emoto, Kentaro; Shiomi, Katsuhiko; Matsuzawa, Takanori","Takemura, S; Baba, S; Yabe, S; Emoto, K; Shiomi, K; Matsuzawa, T","Takemura, Shunsuke/H-1873-2017; Matsuzawa, Takanori/C-1907-2018; Yabe, Suguru/J-3699-2019","Takemura, Shunsuke/0000-0002-7511-3443; Emoto, Kentaro/0000-0002-4934-6171; Matsuzawa, Takanori/0000-0003-0440-251X; Baba, Satoru/0000-0002-5828-8030;",Jun 16,2022,49,11,e2022GL097979,10.1029/2022GL097979,http://dx.doi.org/10.1029/2022GL097979
Possible seasonality in large deep-focus earthquakes,"Zhan, Zhongwen; Shearer, Peter M.","Zhan, ZW; Shearer, PM","; Shearer, Peter/K-5247-2012","Zhan, Zhongwen/0000-0002-5586-2607; Shearer, Peter/0000-0002-2992-7630",Sep 28,2015,42,18,,10.1002/2015GL065088,http://dx.doi.org/10.1002/2015GL065088
The 2010-2014.3 global earthquake rate increase,"Parsons, Tom; Geist, Eric L.","Parsons, T; Geist, EL","Parsons, Tom/A-3424-2008","Parsons, Tom/0000-0002-0582-4338",Jul 16,2014,41,13,,10.1002/2014GL060513,http://dx.doi.org/10.1002/2014GL060513
New Impacts on Mars: Systematic Identification and Association With InSight Seismic Events,"Bickel, V. T.; Daubar, I. J.; Zenhaeusern, G.; Doran, G.; Charalambous, C.; Fernando, B.; Sokolowska, A.; Wagstaff, K. L.; Pike, T.; Staehler, S. C.; Clinton, J.; Giardini, D.","Bickel, VT; Daubar, IJ; Zenhaeusern, G; Doran, G; Charalambous, C; Fernando, B; Sokolowska, A; Wagstaff, KL; Pike, T; Staehler, SC; Clinton, J; Giardini, D","; Bickel, Valentin Tertius/AAI-3142-2021; Daubar, Ingrid J/KHY-6557-2024; Fernando, Benjamin/ORK-4361-2025; Stähler, Simon/N-4211-2018","Charalambous, Constantinos/0000-0002-9139-3895; Bickel, Valentin Tertius/0000-0002-7914-2516; Wag, Kiri/0000-0003-4401-5506; Daubar, Ingrid J/0000-0001-9790-2972; Fernando, Benjamin/0000-0002-7321-8401; Zenhäusern, Géraldine/0000-0001-9401-4910",Feb 3,2025,52,3,e2024GL109133,10.1029/2024GL109133,http://dx.doi.org/10.1029/2024GL109133
"Extension of Gutenberg-Richter distribution to MW-1.3, no lower limit in sight","Boettcher, Margaret S.; McGarr, A.; Johnston, Malcolm","Boettcher, MS; McGarr, A; Johnston, M",,"Boettcher, Margaret/0000-0002-5031-7116",May 28,2009,36,,L10307,10.1029/2009GL038080,http://dx.doi.org/10.1029/2009GL038080
Variation of Fault Creep Along the Overdue Istanbul-Marmara Seismic Gap in NW Turkiye,"Becker, D.; Martinez-Garzon, P.; Wollin, C.; Kilic, T.; Bohnhoff, M.","Becker, D; Martínez-Garzón, P; Wollin, C; Kiliç, T; Bohnhoff, M","Becker, Dirk/JRW-5718-2023; Wollin, Christopher/LMP-6010-2024; Bohnhoff, Marco/B-4354-2017","Becker, Dirk/0000-0002-9414-2135; Wollin, Christopher/0000-0002-3992-787X; Bohnhoff, Marco/0000-0001-7383-635X",Mar 28,2023,50,6,e2022GL101471,10.1029/2022GL101471,http://dx.doi.org/10.1029/2022GL101471
"Direct Evidence of a Slow-Slip Transient Modulating the Spatiotemporal and Frequency-Magnitude Earthquake Distribution: Insights From the Armutlu Peninsula, Northwestern Turkey","Bocchini, G. M.; Martinez-Garzon, P.; Verdecchia, A.; Harrington, R. M.; Bohnhoff, M.; Turkmen, T.; Nurlu, M.","Bocchini, GM; Martínez-Garzón, P; Verdecchia, A; Harrington, RM; Bohnhoff, M; Turkmen, T; Nurlu, M","; Bocchini, Gian Maria/GYR-0756-2022; Bohnhoff, Marco/B-4354-2017","Harrington, Rebecca M/0000-0002-3538-8020; Bocchini, Gian Maria/0000-0001-9265-7859; Verdecchia, Alessano/0000-0002-9920-0015; Bohnhoff, Marco/0000-0001-7383-635X",Sep 28,2022,49,18,e2022GL099077,10.1029/2022GL099077,http://dx.doi.org/10.1029/2022GL099077
Estimated likelihood of observing a large earthquake on a continental low-angle normal fault and implications for low-angle normal fault activity,"Styron, Richard H.; Hetland, Eric A.","Styron, RH; Hetland, EA","Hetland, Eric A/D-4297-2012","Hetland, Eric A/0000-0002-8439-6465; Styron, Richard/0000-0002-2374-9431",Apr 16,2014,41,7,,10.1002/2014GL059335,http://dx.doi.org/10.1002/2014GL059335
Interaction Between Moderate Earthquakes and Volcanic Eruptions: Analyses of Global Data Catalog,"Nishimura, Takeshi","Nishimura, T",,,Aug 28,2018,45,16,,10.1029/2018GL079060,http://dx.doi.org/10.1029/2018GL079060
"Relation Between Oceanic Plate Structure, Patterns of Interplate Locking and Microseismicity in the 1922 Atacama Seismic Gap","Gonzalez-Vidal, Diego; Moreno, Marcos; Sippl, Christian; Baez, Juan Carlos; Ortega-Culaciati, Francisco; Lange, Dietrich; Tilmann, Frederik; Socquet, Anne; Bolte, Jan; Hormazabal, Joaquin; Langlais, Mickael; Morales-Yanez, Catalina; Melnick, Daniel; Benavente, Roberto; Muenchmeyer, Jannes; Araya, Rodolfo; Heit, Benjamin","González-Vidal, D; Moreno, M; Sippl, C; Baez, JC; Ortega-Culaciati, F; Lange, D; Tilmann, F; Socquet, A; Bolte, J; Hormazabal, J; Langlais, M; Morales-Yáñez, C; Melnick, D; Benavente, R; Münchmeyer, J; Araya, R; Heit, B","Socquet, Anne/A-5698-2011; Sippl, Christian/AAC-6590-2019; Benavente, Roberto/AAC-7709-2022; Báez, Juan Carlos/HZL-8644-2023; Lange, Dietrich/MTG-4796-2025; Tilmann, Frederik/E-4293-2012; Ortega Culaciati, Francisco Hernán/A-2587-2014; Araya, Rodolfo/HTO-2507-2023; Münchmeyer, Jannes/Q-1703-2018; Moreno, Marcos/IUO-5751-2023; Morales-Yáñez, Catalina/GYQ-7855-2022; Melnick, Daniel/G-8484-2011; Langlais, Mickael/MHR-4061-2025","Socquet, Anne/0000-0002-9208-7136; Sippl, Christian/0000-0003-4130-6340; Benavente, Roberto/0000-0001-7999-6303; Báez, Juan Carlos/0000-0002-7265-7402; Lange, Dietrich/0000-0003-2654-7963; Tilmann, Frederik/0000-0002-7439-8782; Bolte, Jan/0000-0002-7991-9663; Hormazábal, Joaquín/0009-0007-8771-2201; Ortega Culaciati, Francisco Hernán/0000-0002-2983-8646; Araya, Rodolfo/0000-0002-1165-3969; Moreno, Marcos/0000-0002-6023-7283; Morales-Yáñez, Catalina/0000-0002-3230-1014; González-Vidal, Diego/0000-0001-7540-4737;",Aug 16,2023,50,15,e2023GL103565,10.1029/2023GL103565,http://dx.doi.org/10.1029/2023GL103565
"Decay and expansion of the early aftershock activity following the 2011, Mw9.0 Tohoku earthquake","Lengline, O.; Enescu, B.; Peng, Z.; Shiomi, K.","Lengliné, O; Enescu, B; Peng, Z; Shiomi, K","Enescu, Bogdan/J-6980-2012; Enescu, Bogdan/J-6980-2012; SHIOMI, Katsuhiko/V-4649-2019","Enescu, Bogdan/0000-0003-2153-0097; SHIOMI, Katsuhiko/0000-0003-3566-0749",Sep 28,2012,39,,L18309,10.1029/2012GL052797,http://dx.doi.org/10.1029/2012GL052797
"Delayed and Sustained Remote Triggering of Small Earthquakes in the San Jacinto Fault Region by the 2014 Mw 7.2 Papanoa, Mexico Earthquake","Li, Bo; Ghosh, Abhijit; Mendoza, Manuel M.","Li, B; Ghosh, A; Mendoza, MM","; Mendoza, Manuel/ITV-3690-2023; Ghosh, Abhijit/E-3197-2010","LI, BO/0000-0002-3548-5496; Mendoza, Manuel/0000-0002-9022-5056; Ghosh, Abhijit/0000-0002-0557-2839",Nov 16,2019,46,21,,10.1029/2019GL084604,http://dx.doi.org/10.1029/2019GL084604
Simultaneous Dependence of the Earthquake-Size Distribution on Faulting Style and Depth,"Petruccelli, A.; Gasperini, P.; Tormann, T.; Schorlemmer, D.; Rinaldi, A. P.; Vannucci, G.; Wiemer, S.","Petruccelli, A; Gasperini, P; Tormann, T; Schorlemmer, D; Rinaldi, AP; Vannucci, G; Wiemer, S","VANNUCCI, Gianfranco/HKF-4624-2023; Gasperini, Paolo/G-1154-2011; Wiemer, Stefan/E-5033-2015; Rinaldi, Antonio Pio/N-3284-2013","VANNUCCI, Gianfranco/0000-0003-0918-0784; Gasperini, Paolo/0000-0002-5314-0563; Wiemer, Stefan/0000-0002-4919-3283; Petruccelli, Antonio/0000-0003-2240-0358; Rinaldi, Antonio Pio/0000-0001-7052-8618",Oct 28,2019,46,20,,10.1029/2019GL083997,http://dx.doi.org/10.1029/2019GL083997
"East Asia Atmospheric River catalog: Annual Cycle, Transition Mechanism, and Precipitation","Pan, Mengxin; Lu, Mengqian","Pan, MX; Lu, MQ","Lu, Mengqian/P-2147-2019","Lu, Mengqian/0000-0002-8787-5621; Pan, Mengxin/0000-0002-7419-2856",Aug 16,2020,47,15,e2020GL089477,10.1029/2020GL089477,http://dx.doi.org/10.1029/2020GL089477
Configurational entropy of critical earthquake populations - art. no. 1990,"Goltz, C; Böse, M","Goltz, C; Böse, M",,,Oct 15,2002,29,20,1990,10.1029/2002GL015540,http://dx.doi.org/10.1029/2002GL015540
Aftershocks as a Time Independent Phenomenon,"Mathey, A.; Crassous, J.; Marsan, D.; Weiss, J.; Amon, A.","Mathey, A; Crassous, J; Marsan, D; Weiss, J; Amon, A","; Weiss, Jerome/OZD-4967-2025; Amon, Axelle/N-7470-2014","Crassous, Jérôme/0000-0002-0877-5906; weiss, jerome/0000-0003-2186-7722; Mathey, Ambroise/0009-0005-7527-8749; Amon, Axelle/0000-0001-9475-4468",Jan 21,2025,52,2,e2024GL112618,10.1029/2024GL112618,http://dx.doi.org/10.1029/2024GL112618
Volcanic-like low-frequency earthquakes beneath Osaka Bay in the absence of a volcano,"Aso, Naofumi; Ohta, Kazuaki; Ide, Satoshi","Aso, N; Ohta, K; Ide, S","; Aso, Naofumi/K-6319-2012; Ide, Satoshi/G-4887-2014","Ohta, Kazuaki/0000-0002-5869-7838; Aso, Naofumi/0000-0001-6255-7494; Ide, Satoshi/0000-0003-0063-548X",Apr 20,2011,38,,L08303,10.1029/2011GL046935,http://dx.doi.org/10.1029/2011GL046935
A 250-year cycle in naked-eye observations of sunspots - art. no. 1997,"Vaquero, JM; Gallego, MC; García, JA","Vaquero, JM; Gallego, MC; García, JA","Gallego, M C/M-1145-2014; Vaquero, José Manuel/B-8017-2010","Gallego, M C/0000-0002-8591-0382; Vaquero, José Manuel/0000-0002-8754-1509",Oct 15,2002,29,20,1997,10.1029/2002GL014782,http://dx.doi.org/10.1029/2002GL014782
Mechanics and Statistics of Postseismic Shaking,"Clements, T.; Cochran, E. S.; Minson, S. E.; van der Elst, N. J.; Yoon, C. E.; Baltay, A.; Page, M. T.","Clements, T; Cochran, ES; Minson, SE; van der Elst, NJ; Yoon, CE; Baltay, A; Page, MT","; Page, Morgan/Y-2726-2019; Cochran, Elizabeth/AAA-8460-2022","Clements, Timothy/0000-0001-6632-1796; Yoon, Clara/0000-0003-4521-3889; Page, Morgan/0000-0001-9321-2990; Cochran, Elizabeth/0000-0003-2485-4484",Sep 12,2025,52,18,e2025GL116673,10.1029/2025GL116673,http://dx.doi.org/10.1029/2025GL116673
Mapping the rheology of the Central Chile subduction zone with aftershocks,"Frank, William B.; Poli, Piero; Perfettini, Hugo","Frank, WB; Poli, P; Perfettini, H","Poli, Piero/B-8389-2012; Frank, William/C-7249-2016","Poli, Piero/0000-0002-6493-5142; Frank, William/0000-0001-7892-3081",Jun 16,2017,44,11,,10.1002/2016GL072288,http://dx.doi.org/10.1002/2016GL072288
Revisiting the Timpson Induced Earthquake Sequence: A System of Two Parallel Faults,"Wang, Kaiwen; Ellsworth, William; Beroza, Gregory C.","Wang, KW; Ellsworth, W; Beroza, GC","; Ellsworth, Lindsay/AAN-4169-2020","Beroza, Gregory/0000-0002-8667-1838; Wang, Kaiwen/0000-0001-7838-6984;",Aug 16,2020,47,15,e2020GL089192,10.1029/2020GL089192,http://dx.doi.org/10.1029/2020GL089192
Illuminating Faulting Complexity of the 2017 Yellowstone Maple Creek Earthquake Swarm,"Shelly, David R.; Hardebeck, Jeanne L.","Shelly, DR; Hardebeck, JL",,"Hardebeck, Jeanne/0000-0002-6737-7780",Mar 16,2019,46,5,,10.1029/2018GL081607,http://dx.doi.org/10.1029/2018GL081607
"Slow Unlocking Processes Preceding the 2015 Mw 8.4 Illapel, Chile, Earthquake","Huang, Hui; Meng, Lingsen","Huang, H; Meng, LS",,,May 16,2018,45,9,,10.1029/2018GL077060,http://dx.doi.org/10.1029/2018GL077060
Circulation Drivers of Atmospheric Rivers at the North American West Coast,"Guirguis, Kristen; Gershunov, Alexander; Clemesha, Rachel E. S.; Shulgina, Tamara; Subramanian, Aneesh C.; Ralph, F. Martin","Guirguis, K; Gershunov, A; Clemesha, RES; Shulgina, T; Subramanian, AC; Ralph, FM","Subramanian, Aneesh/AFP-8577-2022","Subramanian, Aneesh/0000-0001-7805-0102",Nov 28,2018,45,22,,10.1029/2018GL079249,http://dx.doi.org/10.1029/2018GL079249
A model of volcanic magma transport by fracturing stress mechanisms,"Piegari, E.; Cataudella, V.; Di Maio, R.; Milano, L.; Nicodemi, M.; Scandone, R.","Piegari, E; Cataudella, V; Di Maio, R; Milano, L; Nicodemi, M; Scandone, R","Piegari, Ester/AAT-6107-2020; DI MAIO, Rosa/AAX-7189-2020; Nicodemi, Mario/JAN-7567-2023; SCANDONE, Roberto/A-5521-2012; Cataudella, Vittorio/B-4164-2015","Piegari, Ester/0000-0002-1538-1606; DI MAIO, Rosa/0000-0001-8152-7936; Nicodemi, Mario/0000-0002-8416-6416; SCANDONE, Roberto/0000-0002-6758-1722; Cataudella, Vittorio/0000-0002-1835-1429",Mar 22,2008,35,6,L06308,10.1029/2007GL032710,http://dx.doi.org/10.1029/2007GL032710
"Locked and creeping patches along the Hayward fault, California","Wyss, M","Wyss, M",,,Sep 15,2001,28,18,,10.1029/2001GL013499,http://dx.doi.org/10.1029/2001GL013499
Dynamical scaling and generalized Omori law,"Lippiello, E.; Bottiglieri, M.; Godano, C.; De Arcangelis, L.","Lippiello, E; Bottiglieri, M; Godano, C; De Arcangelis, L","; DE ARCANGELIS, Lucilla/AAO-1696-2021; Godano, Cataldo/KLC-7477-2024","Lippiello, eugenio/0000-0003-1444-1889; DE ARCANGELIS, Lucilla/0000-0001-9247-6783;",Dec 4,2007,34,23,L23301,10.1029/2007GL030963,http://dx.doi.org/10.1029/2007GL030963
A generalized Omori's law for earthquake aftershock decay,"Shcherbakov, R; Turcotte, DL; Rundle, JB","Shcherbakov, R; Turcotte, DL; Rundle, JB","Shcherbakov, Robert/I-1036-2012","Shcherbakov, Robert/0000-0002-3057-0851",Jun 12,2004,31,11,L11613,10.1029/2004GL019808,http://dx.doi.org/10.1029/2004GL019808
Separating Injection-Driven and Earthquake-Driven Induced Seismicity by Combining a Fully Coupled Poroelastic Model With Interpretable Machine Learning,"Hill, R. G.; Trugman, D. T.; Weingarten, M.","Hill, RG; Trugman, DT; Weingarten, M","; Hill, Ryley/KIG-0847-2024","Weingarten, Matthew/0000-0002-1289-5935; Hill, Ryley/0000-0002-9215-7130; Trugman, Daniel/0000-0002-9296-4223",Sep 11,2024,51,18,e2024GL109802,10.1029/2024GL109802,http://dx.doi.org/10.1029/2024GL109802
Recurring large deep earthquakes in Hindu Kush driven by a sinking slab,"Zhan, Zhongwen; Kanamori, Hiroo","Zhan, ZW; Kanamori, H",,"Zhan, Zhongwen/0000-0002-5586-2607",Jul 28,2016,43,14,,10.1002/2016GL069603,http://dx.doi.org/10.1002/2016GL069603
"The largest aftershock: How strong, how far away, how delayed?","Tahir, M.; Grasso, J. -R.; Amorese, D.","Tahir, M; Grasso, JR; Amorèse, D","grasso, jean-robert/F-3634-2017","grasso, jean-robert/0000-0002-9580-7864",Feb 17,2012,39,,L04301,10.1029/2011GL050604,http://dx.doi.org/10.1029/2011GL050604
"Disruptive earthquakes revealed by faulted archaeological relics in Samnium (Molise, southern Italy) - art. no. 1266","Galli, P; Galadini, F","Galli, P; Galadini, F","Galli, Paolo/HPE-4323-2023","Galli, Paolo/0000-0003-0368-595X",Mar 15,2003,30,5,1266,10.1029/2002GL016456,http://dx.doi.org/10.1029/2002GL016456
Narrow Spatial Aftershock Zones for Induced Earthquake Sequences in Oklahoma,"Rosson, Z.; Walter, J. I.; Goebel, T.; Chen, X.","Rosson, Z; Walter, JI; Goebel, T; Chen, X","; Walter, Jacob/C-6806-2015","Rosson, Zachary/0000-0002-7534-3601; Walter, Jacob/0000-0001-7127-9422; Goebel, Thomas HW/0000-0003-1552-0861",Sep 1,2019,46,17-18,,10.1029/2019GL083562,http://dx.doi.org/10.1029/2019GL083562
"Deep Low-Frequency Earthquakes Beneath the Hakone Volcano, Central Japan, and their Relation to Volcanic Activity","Yukutake, Y.; Abe, Y.; Doke, R.","Yukutake, Y; Abe, Y; Doke, R","Doke, Ryosuke/AAD-2398-2019","Doke, Ryosuke/0000-0002-0040-414X; Yukutake, Yohie/0000-0002-1533-4885; Abe, Yuki/0000-0002-7509-6671",Oct 28,2019,46,20,,10.1029/2019GL084357,http://dx.doi.org/10.1029/2019GL084357
"Enhanced Tidal Sensitivity of Seismicity Before the 2019 Magnitude 7.1 Ridgecrest, California Earthquake","Beauce, Eric; Poli, Piero; Waldhauser, Felix; Holtzman, Benjamin; Scholz, Christopher","Beaucé, E; Poli, P; Waldhauser, F; Holtzman, B; Scholz, C","Poli, Piero/B-8389-2012; Beauce, Eric/GVU-5377-2022; Holtzman, Benjamin/E-8423-2010","Beauce, Eric/0000-0003-3138-9082; Waldhauser, Felix/0000-0002-1286-9737; Holtzman, Benjamin/0000-0002-6226-7689",Jul 28,2023,50,14,e2023GL104375,10.1029/2023GL104375,http://dx.doi.org/10.1029/2023GL104375
"Fault-perpendicular aftershock clusters following the 2003 Mw=5.0 Big Bear, California, earthquake","Chi, WC; Hauksson, E","Chi, WC; Hauksson, E","; Chi, Wu-Cheng/AAM-2136-2020","Hauksson, Egill/0000-0002-6834-5051;",Apr 1,2006,33,7,L07301,10.1029/2005GL025033,http://dx.doi.org/10.1029/2005GL025033
Magnitude estimation using the first three seconds P-wave amplitude in earthquake early warning,"Wu, Yih-Min; Zhao, Li","Wu, YM; Zhao, L","Wu, Yih-Min/D-9947-2012; Zhao, Li/I-2640-2013","Wu, Yih-Min/0000-0003-4542-1741;",Aug 24,2006,33,16,L16312,10.1029/2006GL026871,http://dx.doi.org/10.1029/2006GL026871
Random variability explains apparent global clustering of large earthquakes,"Michael, Andrew J.","Michael, AJ","Michael, Anew/A-5059-2010","Michael, Anew/0000-0002-2403-5019",Nov 2,2011,38,,L21301,10.1029/2011GL049443,http://dx.doi.org/10.1029/2011GL049443
Crust-mantle coupling in the Gulf of Cadiz (SW-Iberia) - art. no. L13306,"Stich, D; Mancilla, FD; Morales, J","Stich, D; Mancilla, FD; Morales, J","Stich, Daniel Alexander/H-6174-2015; Mancilla, Flor de Lis/AAA-9822-2019; Morales, Jose/M-3703-2019","Stich, Daniel Alexander/0000-0001-7178-9887; Mancilla, Flor de Lis/0000-0003-4161-3260; Morales, Jose/0000-0002-8497-0850",Jul 7,2005,32,13,L13306,10.1029/2005GL023098,http://dx.doi.org/10.1029/2005GL023098
Stability and significance tests for b-value anomalies: Example from the Tyrrhenian Sea - art. no. 1835,"Schorlemmer, D; Neri, G; Wiemer, S; Mostaccio, A","Schorlemmer, D; Neri, G; Wiemer, S; Mostaccio, A","; Wiemer, Stefan/E-5033-2015","neri, giancarlo/0000-0002-6775-9965; Wiemer, Stefan/0000-0002-4919-3283",Aug 19,2003,30,16,1835,10.1029/2003GL017335,http://dx.doi.org/10.1029/2003GL017335
Assessing Occurrence Patterns of Shallow Hikurangi Slow Slip Events Using Renewal Processes,"Perez-Silva, Andrea; Wang, Ting; Wallace, Laura; Bebbington, Mark; Denys, Paul","Perez-Silva, A; Wang, T; Wallace, L; Bebbington, M; Denys, P","Wang, Ting/B-5290-2011; Denys, Paul/C-6120-2008","Wang, Ting/0000-0002-4767-3777; Perez-Silva, Anea/0000-0002-8555-5122; Denys, Paul/0000-0002-1427-9538; Bebbington, Mark/0000-0003-3504-7418",Jun 30,2025,52,13,e2025GL116605,10.1029/2025GL116605,http://dx.doi.org/10.1029/2025GL116605
"Machine Learning-Based Analysis of Geological Susceptibility to Induced Seismicity in the Montney Formation, Canada","Wozniakowska, Paulina; Eaton, David W.","Wozniakowska, P; Eaton, DW","Eaton, David/AAR-5939-2021",,Nov 28,2020,47,22,e2020GL089651,10.1029/2020GL089651,http://dx.doi.org/10.1029/2020GL089651
High precision earthquake locations in Koyna-Warna seismic zone reveal depth variation in brittle-ductile transition zone,"Srinagesh, D; Sarma, PR","Srinagesh, D; Sarma, PR",,,Apr 23,2005,32,8,L08310,10.1029/2004GL022073,http://dx.doi.org/10.1029/2004GL022073
Linking magma transport structures at Kilauea volcano,"Wech, Aaron G.; Thelen, Weston A.","Wech, AG; Thelen, WA",,"Wech, Aaron/0000-0003-4983-1991",Sep 16,2015,42,17,,10.1002/2015GL064869,http://dx.doi.org/10.1002/2015GL064869
Off-Fault Focal Mechanisms Not Representative of Interseismic Fault Loading Suggest Deep Creep on the Northern San Jacinto Fault,"Cooke, M. L.; Beyer, J. L.","Cooke, ML; Beyer, JL",,"Cooke, Michele/0000-0002-4407-9676; Hatch, Jennifer/0000-0001-8877-2176",Sep 16,2018,45,17,,10.1029/2018GL078932,http://dx.doi.org/10.1029/2018GL078932
Convergence of the frequency-magnitude distribution of global earthquakes: Maybe in 200 years,"Zoeller, Gert","Zöller, G",,,Aug 16,2013,40,15,,10.1002/grl.50779,http://dx.doi.org/10.1002/grl.50779
"Surface-Wave Relocation and Characterization of the October 2023 Tsunamigenic Seismic Unrest Near Sofugan Volcano, Izu Islands, Japan","Deane, C. A.; Pesicek, J. D.; Prejean, S. G.; Earle, P. S.; Shelly, D. R.; Yeck, W. L.","Deane, CA; Pesicek, JD; Prejean, SG; Earle, PS; Shelly, DR; Yeck, WL",,"Pesicek, Jeremy/0000-0001-7964-5845; Earle, Paul/0000-0002-3500-017X; Deane, Chanel/0000-0002-7132-0090",Jan 30,2025,52,3,e2024GL113504,10.1029/2024GL113504,http://dx.doi.org/10.1029/2024GL113504
Stress Controls Rupture Extent and Maximum Magnitude of Induced Earthquakes,"Kroll, Kayla A.; Cochran, Elizabeth S.","Kroll, KA; Cochran, ES","Cochran, Elizabeth/AAA-8460-2022; Kroll, Kayla/H-6518-2016","Cochran, Elizabeth/0000-0003-2485-4484; Kroll, Kayla/0000-0003-3582-9874",Jun 16,2021,48,11,e2020GL092148,10.1029/2020GL092148,http://dx.doi.org/10.1029/2020GL092148
"Interepisodic Tremor and Slip Event Episodes of Quasi-spatiotemporally Discrete Tremor and Very Low Frequency Earthquakes in Cascadia Suggestive of a Connective Underlying, Heterogeneous Process","Hutchison, Allie A.","Hutchison, AA",,"Hutchison, Alexana Anne/0000-0001-9350-7975",Feb 16,2020,47,3,e2019GL086798,10.1029/2019GL086798,http://dx.doi.org/10.1029/2019GL086798
The 2013 Slab-Wide Kamchatka Earthquake Sequence,"Rousset, B.; Campillo, M.; Shapiro, N. M.; Walpersdorf, A.; Titkov, N.; Chebrov, D. V.","Rousset, B; Campillo, M; Shapiro, NM; Walpersdorf, A; Titkov, N; Chebrov, DV","Campillo, Michel/K-6231-2012; Shapiro, Nikolai/G-1049-2010; Walpersdorf, Andrea/E-3784-2017; Chebrov, Danila/I-9758-2018; Titkov, Nikolay/AAQ-7609-2020; rousset, baptiste/E-6287-2015","Campillo, Michel/0000-0001-6971-4499; Shapiro, Nikolai/0000-0002-0144-723X; rousset, baptiste/0000-0001-9304-0498",Feb 28,2023,50,4,e2022GL101856,10.1029/2022GL101856,http://dx.doi.org/10.1029/2022GL101856
Near-Future Damages by US Weather and Climate Disasters,"Cael, B. B.","Cael, BB",,,Dec 26,2025,52,24,e2025GL119127,10.1029/2025GL119127,http://dx.doi.org/10.1029/2025GL119127
Aftershocks driven by afterslip and fluid pressure sweeping through a fault-fracture mesh,"Ross, Zachary E.; Rollins, Christopher; Cochran, Elizabeth S.; Hauksson, Egill; Avouac, Jean-Philippe; Ben-Zion, Yehuda","Ross, ZE; Rollins, C; Cochran, ES; Hauksson, E; Avouac, JP; Ben-Zion, Y","Cochran, Elizabeth/AAA-8460-2022; Avouac, Jean-Philippe/B-5699-2015","Cochran, Elizabeth/0000-0003-2485-4484; Hauksson, Egill/0000-0002-6834-5051; Ben-Zion, Yehuda/0000-0002-9602-2014; Avouac, Jean-Philippe/0000-0002-3060-8442; Ross, Zachary/0000-0002-6343-8400",Aug 28,2017,44,16,,10.1002/2017GL074634,http://dx.doi.org/10.1002/2017GL074634
A statistical model for the seismicity rate of fluid-injection-induced earthquakes - art. no. L17609,"Parotidis, M; Shapiro, SA","Parotidis, M; Shapiro, SA","Shapiro, Serge/O-8739-2017","Shapiro, Serge/0000-0002-5062-2698",Sep 15,2004,31,17,L17609,10.1029/2004GL020421,http://dx.doi.org/10.1029/2004GL020421
"Entropy, energy, and proximity to criticality in global earthquake populations","Main, IG; Al-Kindy, FH","Main, IG; Al-Kindy, FH","Main, Ian Graham/AAO-4365-2021","Main, Ian Graham/0000-0001-7031-6746",Apr 1,2002,29,7,1121,10.1029/2001GL014078,http://dx.doi.org/10.1029/2001GL014078
Structure and Stress Field of the Lithosphere Between Pamir and Tarim,"Bloch, Wasja; Schurr, Bernd; Yuan, Xiaohui; Ratschbacher, Lothar; Reuter, Sanaa; Kufner, Sofia-Katerina; Xu, Qiang; Zhao, Junmeng","Bloch, W; Schurr, B; Yuan, XH; Ratschbacher, L; Reuter, S; Kufner, SK; Xu, Q; Zhao, JM","; Xu, Qiang/I-9400-2017; Ratschbacher, Lothar/JJF-0555-2023; Zhao, Junmeng/AAJ-6356-2020; Yuan, Xiaohui/G-5149-2010","Bloch, Wasja/0000-0002-0341-4925; Kufner, Sofia-Katerina/0000-0002-9687-5455; Ratschbacher, Lothar/0000-0001-9960-2084; Yuan, Xiaohui/0000-0002-2891-1354; Schurr, Bernd/0000-0002-3746-9166",Nov 28,2021,48,22,e2021GL095413,10.1029/2021GL095413,http://dx.doi.org/10.1029/2021GL095413
Likelihood testing of seismicity-based rate forecasts of induced earthquakes in Oklahoma and Kansas,"Moschetti, M. P.; Hoover, S. M.; Mueller, C. S.","Moschetti, MP; Hoover, SM; Mueller, CS",,"Moschetti, Morgan/0000-0001-7261-0295; Hoover, Susan/0000-0002-8682-6668",May 28,2016,43,10,,10.1002/2016GL068948,http://dx.doi.org/10.1002/2016GL068948
Delta Deposits on Mars: A Global Perspective,"De Toffoli, B.; Plesa, A-C; Hauber, E.; Breuer, D.","De Toffoli, B; Plesa, AC; Hauber, E; Breuer, D","; Hauber, Ernst/U-2521-2018","De Toffoli, Barbara/0000-0002-3106-5689; Breuer, Doris/0000-0001-9019-5304; Plesa, Ana-Catalina/0000-0003-3366-7621;",Sep 16,2021,48,17,e2021GL094271,10.1029/2021GL094271,http://dx.doi.org/10.1029/2021GL094271
High-impact hydrologic events and atmospheric rivers in California: An investigation using the NCEI Storm Events Database,"Young, Allison M.; Skelly, Klint T.; Cordeira, Jason M.","Young, AM; Skelly, KT; Cordeira, JM",,,Apr 16,2017,44,7,,10.1002/2017GL073077,http://dx.doi.org/10.1002/2017GL073077
Low-angle normal fault earthquakes and triggering,"Axen, GJ","Axen, GJ",,,Dec 15,1999,26,24,,10.1029/1999GL005405,http://dx.doi.org/10.1029/1999GL005405
Coronal mass ejections associated with interplanetary ejecta,"Bravo, S","Bravo, S",,,Dec 1,1998,25,23,,10.1029/1998GL900168,http://dx.doi.org/10.1029/1998GL900168
Astrometric and space-geodetic observations of polar wander,"Gross, RS; Vondrák, J","Gross, RS; Vondrák, J","Vonak, Jan/G-9057-2014","Vonak, Jan/0000-0002-4674-0771",Jul 15,1999,26,14,,10.1029/1999GL900422,http://dx.doi.org/10.1029/1999GL900422
Cryogeomorphic Characterization of Shadowed Regions in the Artemis Exploration Zone,"Bickel, V. T.; Moseley, B.; Hauber, E.; Shirley, M.; Williams, J. -P; Kring, D. A.","Bickel, VT; Moseley, B; Hauber, E; Shirley, M; Williams, JP; Kring, DA","Kring, David/D-5912-2011; Bickel, Valentin Tertius/AAI-3142-2021; Willia, Jean-Pierre/C-3531-2009; Hauber, Ernst/U-2521-2018","Moseley, Ben/0000-0003-2238-1783; Bickel, Valentin Tertius/0000-0002-7914-2516; Willia, Jean-Pierre/0000-0003-4163-2760;",Aug 28,2022,49,16,e2022GL099530,10.1029/2022GL099530,http://dx.doi.org/10.1029/2022GL099530
Evidence of Magma Reservoirs Beneath Volcanoes in Northern Sulawesi and the Molucca Sea From Regional Earthquake Tomography,"Supendi, Pepen; Rawlinson, Nicholas; Han, Jifei; Widiyantoro, Sri; Pilia, Simone; Nugraha, Andri Dian; Karnawati, Dwikorita","Supendi, P; Rawlinson, N; Han, JF; Widiyantoro, S; Pilia, S; Nugraha, AD; Karnawati, D","; Supendi, Pepen/ABD-5751-2020; Nugraha, Ani Dian/Q-9135-2016; Widiyantoro, Sri/AAF-8797-2021","Pilia, Simone/0000-0002-3805-9257; Supendi, Pepen/0000-0002-9784-9865; Nugraha, Ani Dian/0000-0002-4844-8723;",Feb 7,2025,52,3,e2024GL110794,10.1029/2024GL110794,http://dx.doi.org/10.1029/2024GL110794
On the Statistical Significance of Foreshock Sequences in Southern California,"van den Ende, M. P. A.; Ampuero, J-P","van den Ende, MPA; Ampuero, JP","Ampuero, Jean Paul/N-3348-2013","Ampuero, Jean Paul/0000-0002-4827-7987; van den Ende, Martijn/0000-0002-0634-7078",Feb 16,2020,47,3,e2019GL086224,10.1029/2019GL086224,http://dx.doi.org/10.1029/2019GL086224
"ULF electromagnetic precursors for an earthquake at Biak, Indonesia on February 17, 1996","Hayakawa, M; Itoh, T; Hattori, K; Yumoto, K","Hayakawa, M; Itoh, T; Hattori, K; Yumoto, K","Hattori, Katsumi/IVH-8448-2023","Hattori, Katsumi/0000-0002-6880-406X",May 15,2000,27,10,,10.1029/1999GL005432,http://dx.doi.org/10.1029/1999GL005432
Scotia arc kinematics from GPS geodesy,"Smalley, R., Jr.; Dalziel, I. W. D.; Bevis, M. G.; Kendrick, E.; Stamps, D. S.; King, E. C.; Taylor, F. W.; Lauria, E.; Zakrajsek, A.; Parra, H.","Smalley, R; Dalziel, IWD; Bevis, MG; Kendrick, E; Stamps, DS; King, EC; Taylor, FW; Lauria, E; Zakrajsek, A; Parra, H","Taylor, Frederick/A-2195-2009; Dalziel, Ian/G-5926-2010; Stamps, D Sarah/JUU-3443-2023","Stamps, D Sarah/0000-0002-3531-1752",Nov 14,2007,34,21,L21308,10.1029/2007GL031699,http://dx.doi.org/10.1029/2007GL031699
New Physical Implications From Revisiting Foreshock Activity in Southern California,"Manganiello, Ester; Herrmann, Marcus; Marzocchi, Warner","Manganiello, E; Herrmann, M; Marzocchi, W","Marzocchi, Warner/J-9299-2012; Herrmann, Marcus/AAO-8984-2020","Marzocchi, Warner/0000-0002-9114-1516; Manganiello, Ester/0000-0002-2672-8345; Herrmann, Marcus/0000-0002-2342-1970",Jan 16,2023,50,1,,10.1029/2022GL098737,http://dx.doi.org/10.1029/2022GL098737
Bayesian identification of multiple seismic change points and varying seismic rates caused by induced seismicity,"Montoya-Noguera, Silvana; Wang, Yu","Montoya-Noguera, S; Wang, Y","WANG, Yu/AAM-1349-2020","WANG, Yu/0000-0003-4635-7059; Montoya-Noguera, Silvana/0000-0003-2490-9107",Apr 28,2017,44,8,,10.1002/2016GL072266,http://dx.doi.org/10.1002/2016GL072266
Data-Driven Clustering Reveals More Than 900 Small Magnitude Slow Earthquakes and Their Characteristics,"Aiken, C.; Obara, K.","Aiken, C; Obara, K","Aiken, Chastity/AAS-9153-2021","Autry, Chastity/0000-0002-0312-3941; Obara, Kazushige/0000-0003-3889-388X",Jun 16,2021,48,11,e2020GL091764,10.1029/2020GL091764,http://dx.doi.org/10.1029/2020GL091764
The Role of Moisture Conveyor Belts for Precipitation in the Atacama Desert,"Boehm, Christoph; Reyers, Mark; Knarr, Leon; Crewell, Susanne","Böhm, C; Reyers, M; Knarr, L; Crewell, S","Crewell, Susanne/O-1640-2013","Crewell, Susanne/0000-0003-1251-5805; Böhm, Christoph/0000-0001-8712-3318; Reyers, Mark/0000-0001-7085-9345; Knarr, Leon/0000-0002-3752-5682",Dec 28,2021,48,24,e2021GL094372,10.1029/2021GL094372,http://dx.doi.org/10.1029/2021GL094372
Probabilistic estimation of earthquake growth to a catastrophic one - art. no. L19307,"Iwata, T; Imoto, M; Horiuchi, S","Iwata, T; Imoto, M; Horiuchi, S","Iwata, Takaki/I-9249-2012","Iwata, Takaki/0000-0002-8656-2471",Oct 15,2005,32,19,L19307,10.1029/2005GL023928,http://dx.doi.org/10.1029/2005GL023928
Persistent Deep Long-Period Seismicity Near the Lassen Volcanic Center,"Kiser, Eric; Ward, Kevin; Koch, Clinton; Rodriguez, Emily; Kehoe, Haiyang; Dunham, Audrey; Blake, Peter","Kiser, E; Ward, K; Koch, C; Rodriguez, E; Kehoe, H; Dunham, A; Blake, P",,"Roiguez, Emily/0000-0003-0036-6611; Ward, Kevin/0000-0002-2938-4306",Dec 8,2025,52,23,e2025GL118945,10.1029/2025GL118945,http://dx.doi.org/10.1029/2025GL118945
"Small Magnitude Events Highlight the Correlation Between Hydraulic Fracturing Injection Parameters, Geological Factors, and Earthquake Occurrence","Kemna, Kilian B.; Roth, Marco P.; Wache, Ricarda M.; Harrington, Rebecca M.; Liu, Yajing","Kemna, KB; Roth, MP; Wache, RM; Harrington, RM; Liu, YJ",,"Harrington, Rebecca M/0000-0002-3538-8020; Roth, Marco Pascal/0000-0001-7640-3437; Kemna, Kilian B/0000-0001-6160-5079",Nov 16,2022,49,21,e2022GL099995,10.1029/2022GL099995,http://dx.doi.org/10.1029/2022GL099995
A new criterion for identifying breaks in monsoon conditions over the Indian subcontinent - art. no. L18201,"Kumar, MRR; Dessai, URP","Kumar, MRR; Dessai, URP",,,Sep 18,2004,31,18,L18201,10.1029/2004GL020562,http://dx.doi.org/10.1029/2004GL020562
"Systematic Detection of Glacial Earthquakes in Thwaites Glacier, West Antarctica, by Regional Surface Waves","Pham, Thanh-Son","Pham, TS","Pham, Thanh-Son/ABD-9325-2020","Pham, Thanh-Son/0000-0002-9057-4416",Dec 17,2025,52,24,e2025GL118885,10.1029/2025GL118885,http://dx.doi.org/10.1029/2025GL118885
Detection of Mars Normal Modes From S1222a Event and Seismic Hum,"Lognonne, P.; Schimmel, M.; Stutzmann, E.; Davis, P.; Drilleau, M.; Sainton, G.; Kawamura, T.; Panning, M. P.; Banerdt, W. B.","Lognonné, P; Schimmel, M; Stutzmann, E; Davis, P; Drilleau, M; Sainton, G; Kawamura, T; Panning, MP; Banerdt, WB","; illeau, Mélanie/E-8014-2017; Kawamura, Taichi/E-3326-2014; Lognonné, Philippe/F-8846-2010; Panning, Mark/B-3805-2011; Drilleau, Mélanie/E-8014-2017; Banerdt, Bruce/Q-7324-2019; Stutzmann, Eleonore/G-8511-2014; Schimmel, Martin/C-2261-2008","Sainton, Grégory/0000-0002-9375-4877; illeau, Mélanie/0000-0001-5625-9706; Kawamura, Taichi/0000-0001-5246-5561; Lognonné, Philippe/0000-0002-1014-920X; Panning, Mark/0000-0002-2041-3190; Banerdt, Bruce/0000-0003-3125-1542; Stutzmann, Eleonore/0000-0002-4348-7475; Schimmel, Martin/0000-0003-2601-4462",Jun 28,2023,50,12,e2023GL103205,10.1029/2023GL103205,http://dx.doi.org/10.1029/2023GL103205
A Climatology of Narrow Cold-Frontal Rainbands in Southern California,"de Orla-Barile, Marian; Cannon, Forest; Oakley, Nina S.; Ralph, F. Martin","de Orla-Barile, M; Cannon, F; Oakley, NS; Ralph, FM",,"Oakley, Nina/0000-0001-5680-9296; Cannon, Forest/0000-0002-2520-3790; de Orla-Barile, Marian/0000-0002-0082-7150",Jan 28,2022,49,2,e2021GL095362,10.1029/2021GL095362,http://dx.doi.org/10.1029/2021GL095362
Synoptic Origins of Extreme Riverine Floods Over the North China Plain With Focus on the Tail Behaviors,"Zhang, Jinghan; Yang, Long","Zhang, JH; Yang, L","Yang, Long/G-3263-2013","Yang, Long/0000-0002-1872-0175; Zhang, Jinghan/0000-0001-6933-1981",Oct 13,2025,52,20,e2025GL118216,10.1029/2025GL118216,http://dx.doi.org/10.1029/2025GL118216
Event-Feature-Based Clustering Reveals Continuous Distribution of Tectonic Tremors of 0.3-100 s: Application to Western Japan,"Yano, Seiya; Ide, Satoshi","Yano, S; Ide, S","Ide, Satoshi/G-4887-2014","Ide, Satoshi/0000-0003-0063-548X; Yano, Seiya/0009-0004-8599-8494",Oct 9,2024,51,19,e2024GL108874,10.1029/2024GL108874,http://dx.doi.org/10.1029/2024GL108874
Geolocation of terrestrial gamma-ray flash source lightning,"Cohen, M. B.; Inan, U. S.; Said, R. K.; Gjestland, T.","Cohen, MB; Inan, US; Said, RK; Gjestland, T","Gjesteland, Thomas/I-7509-2016; Cohen, Morris/P-4896-2019; INAN, UMRAN/V-3634-2019","Cohen, Morris/0000-0002-7920-5759; INAN, UMRAN/0000-0001-5837-5807",Jan 22,2010,37,,L02801,10.1029/2009GL041753,http://dx.doi.org/10.1029/2009GL041753
Exploring the evolution of a volcanic seismic swarm: The case of the 2000 Izu Islands swarm,"Lombardi, AM; Marzocchi, W; Selva, J","Lombardi, AM; Marzocchi, W; Selva, J","Marzocchi, Warner/J-9299-2012; Anna Maria, Lombardi/F-7870-2018; SELVA, Jacopo/F-1883-2011","Marzocchi, Warner/0000-0002-9114-1516; Anna Maria, Lombardi/0000-0002-8326-7135; SELVA, Jacopo/0000-0001-6263-6934",Apr 6,2006,33,7,L07310,10.1029/2005GL025157,http://dx.doi.org/10.1029/2005GL025157
Short-term probabilistic earthquake risk assessment considering time-dependent b values,"Gulia, Laura; Tormann, Thessa; Wiemer, Stefan; Herrmann, Marcus; Seif, Stefanie","Gulia, L; Tormann, T; Wiemer, S; Herrmann, M; Seif, S","Herrmann, Marcus/AAO-8984-2020; Wiemer, Stefan/E-5033-2015; Gulia, Laura/HLQ-0743-2023","Herrmann, Marcus/0000-0002-2342-1970; Wiemer, Stefan/0000-0002-4919-3283; Seif, Stefanie/0000-0002-2640-7429; Gulia, Laura/0000-0002-1474-230X",Feb 16,2016,43,3,,10.1002/2015GL066686,http://dx.doi.org/10.1002/2015GL066686
"The global distribution of largest, deepest, and most intense precipitation systems","Liu, Chuntao; Zipser, Edward J.","Liu, CT; Zipser, EJ","liu, chuntao/CAI-2189-2022","liu, chuntao/0000-0002-6914-0920",May 16,2015,42,9,,10.1002/2015GL063776,http://dx.doi.org/10.1002/2015GL063776
Earthquake scaling and the strength of seismogenic faults,"Miller, SA","Miller, SA",,,May 15,2002,29,10,1389,10.1029/2001GL014181,http://dx.doi.org/10.1029/2001GL014181
"Temporal variation of multifractal properties of seismicity in the region affected by the mainshock of the October 6, 2000 Western Tottori Prefecture, Japan, earthquake (M=7.3) - art. no. 1495","Nakaya, S; Hashimoto, T","Nakaya, S; Hashimoto, T",,,May 15,2002,29,10,1495,10.1029/2001GL014216,http://dx.doi.org/10.1029/2001GL014216
Changes in seismicity before and after the 2011 Tohoku earthquake around its southern limit revealed by dense ocean bottom seismic array data,"Nakatani, Yukihiro; Mochizuki, Kimihiro; Shinohara, Masanao; Yamada, Tomoaki; Hino, Ryota; Ito, Yoshihiro; Murai, Yoshio; Sato, Toshinori","Nakatani, Y; Mochizuki, K; Shinohara, M; Yamada, T; Hino, R; Ito, Y; Murai, Y; Sato, T","MOCHIZUKI, Kimihiro/MCJ-3957-2025; Ito, Yoshihiro/M-2319-2017; Murai, Yoshio/H-2484-2012",,Mar 16,2015,42,5,,10.1002/2015GL063140,http://dx.doi.org/10.1002/2015GL063140
Implications of the 9 July 1956 MS ∼ 7.2 Amorgos Earthquake for Tsunami Hazard in the Aegean,"Kalligeris, Nikos; Synolakis, Costas; England, Philip; Jackson, James; Walker, Richard","Kalligeris, N; Synolakis, C; England, P; Jackson, J; Walker, R","England, Philip/A-1920-2010; Kalligeris, Nikos/X-7103-2018; Walker, Richard/D-9908-2011; Synolakis, Costas/B-3197-2008","England, Philip/0000-0002-9024-8901; Kalligeris, Nikos/0000-0001-5198-2073; Walker, Richard/0000-0002-7551-4124;",Jul 11,2025,52,14,e2025GL115297,10.1029/2025GL115297,http://dx.doi.org/10.1029/2025GL115297
"Fine Seismogenic Fault Structures and Complex Rupture Characteristics of the 2022 M6.8 Luding, Sichuan Earthquake Sequence Revealed by Deep Learning and Waveform Modeling","Zhao, Xu; Xiao, Zhuowei; Wang, Wei; Li, Juan; Zhao, Ming; Chen, Shi; Tang, Lin","Zhao, X; Xiao, ZW; Wang, W; Li, J; Zhao, M; Chen, S; Tang, L","Zhao, Xu/IWL-8717-2023; Xiao, Zhuowei/ACA-4802-2022","Zhao, Xu/0000-0001-6151-4302; zhao, ming/0000-0003-3912-8530; Xiao, Zhuowei/0000-0001-9575-9375",Sep 28,2023,50,18,e2023GL102976,10.1029/2023GL102976,http://dx.doi.org/10.1029/2023GL102976
The Influence of Lithology and Fault Source Volume on the Magnitude-Frequency-Distribution of Earthquakes,"Collettini, C.; Tinti, E.","Collettini, C; Tinti, E",,"collettini, cristiano/0000-0002-4828-2516; Tinti, Elisa/0000-0002-6942-3592",Jan 13,2025,52,2,e2024GL110354,10.1029/2024GL110354,http://dx.doi.org/10.1029/2024GL110354
Hourly Sulfur Dioxide Observations Over North America: First Retrieval Results From TEMPO,"Li, Can; Krotkov, Nickolay A.; Joiner, Joanna; Carn, Simon; Fioletov, Vitali; McLinden, Chris; Griffin, Debora; Liu, Xiong; Chong, Heesung","Li, C; Krotkov, NA; Joiner, J; Carn, S; Fioletov, V; McLinden, C; Griffin, D; Liu, X; Chong, H","LIu, Xiong/P-7186-2014; Krotkov, Nickolay/E-1541-2012; Chong, Heesung/AAB-4010-2022; Griffin, Debora/AAC-9407-2021; McLinden, Chris/A-7710-2010; Joiner, Joanna/D-6264-2012","LIu, Xiong/0000-0003-2939-574X; Krotkov, Nickolay/0000-0001-6170-6750; Chong, Heesung/0000-0001-8052-5488; Griffin, Debora/0000-0002-4849-9125; McLinden, Chris/0000-0001-5054-1380; Joiner, Joanna/0000-0003-4278-1020",Jul 21,2025,52,14,e2025GL115788,10.1029/2025GL115788,http://dx.doi.org/10.1029/2025GL115788
Fiber-Optic Network Observations of Earthquake Wavefields,"Lindsey, Nathaniel J.; Martin, Eileen R.; Dreger, Douglas S.; Freifeld, Barry; Cole, Stephen; James, Stephanie R.; Biondi, Biondo L.; Ajo-Franklin, Jonathan B.","Lindsey, NJ; Martin, ER; Dreger, DS; Freifeld, B; Cole, S; James, SR; Biondi, BL; Ajo-Franklin, JB","; Ajo-Franklin, Jonathan/ABG-2550-2020; Lindsey, Nathaniel/AAH-5798-2019; Dreger, Douglas/AAK-6067-2021; Freifeld, Barry/F-3173-2010","Cole, Stephen/0000-0003-0409-3788; Ajo-Franklin, Jonathan/0000-0002-6666-4702; James, Stephanie R/0000-0001-5715-253X; Martin, Eileen/0000-0002-3420-4971; Lindsey, Nathaniel/0000-0001-9522-6683; Freifeld, Barry/0000-0003-0480-9395; Biondi, Biondo/0000-0002-0961-2287",Dec 16,2017,44,23,,10.1002/2017GL075722,http://dx.doi.org/10.1002/2017GL075722
Structural Heterogeneities and Spatial Variations of Seismicity Drive Temporal b-Value Changes,"Piegari, E.; Corrado, P.; Herrmann, M.; Marzocchi, W.","Piegari, E; Corrado, P; Herrmann, M; Marzocchi, W","Marzocchi, Warner/J-9299-2012; Piegari, Ester/AAT-6107-2020; Herrmann, Marcus/AAO-8984-2020","Marzocchi, Warner/0000-0002-9114-1516; Corrado, Paola/0009-0009-0796-3399; Piegari, Ester/0000-0002-1538-1606; Herrmann, Marcus/0000-0002-2342-1970",Sep 8,2025,52,17,e2025GL116118,10.1029/2025GL116118,http://dx.doi.org/10.1029/2025GL116118
Evidence for Latent Crustal Fluid Injection Transients in Southern California From Long-Duration Earthquake Swarms,"Ross, Zachary E.; Cochran, Elizabeth S.","Ross, ZE; Cochran, ES","; Cochran, Elizabeth/AAA-8460-2022","Ross, Zachary/0000-0002-6343-8400; Cochran, Elizabeth/0000-0003-2485-4484",Jun 28,2021,48,12,e2021GL092465,10.1029/2021GL092465,http://dx.doi.org/10.1029/2021GL092465
An interhemispheric comparison of ozone mini-hole climatologies,"James, PM","James, PM",,,Feb 1,1998,25,3,,10.1029/97GL03643,http://dx.doi.org/10.1029/97GL03643
Testing Earthquake Links in Mexico From 1978 to the 2017 M=8.1 Chiapas and M=7.1 Puebla Shocks,"Segou, Margarita; Parsons, Tom","Segou, M; Parsons, T","; Parsons, Tom/A-3424-2008","Segou, Margarita/0000-0001-8119-4019; Parsons, Tom/0000-0002-0582-4338",Jan 28,2018,45,2,,10.1002/2017GL076237,http://dx.doi.org/10.1002/2017GL076237
"Periodicity Analysis of Earthquake Occurrence and Hypocenter Depth Near Parkfield, California, 1994-2002 Versus 2006-2014","Dutilleul, Pierre; Johnson, Christopher W.; Buergmann, Roland","Dutilleul, P; Johnson, CW; Bürgmann, R","Burgmann, Roland/AAE-5138-2022","Burgmann, Roland/0000-0002-3560-044X; Johnson, Christopher/0000-0002-2589-7593",Feb 16,2021,48,3,e2020GL089673,10.1029/2020GL089673,http://dx.doi.org/10.1029/2020GL089673
Meridional Heat Transport During Atmospheric Rivers in High-Resolution CESM Climate Projections,"Shields, Christine A.; Rosenbloom, Nan; Bates, Susan C.; Hannay, Cecile; Hu, Aixue; Payne, Ashley Elizabeth; Rutz, Jonathan J.; Truesdale, John","Shields, CA; Rosenbloom, N; Bates, SC; Hannay, C; Hu, AX; Payne, AE; Rutz, JJ; Truesdale, J","Payne, Ashley/M-2240-2016; Bates, Susan/G-5089-2017; Hu, Aixue/E-1063-2013","Payne, Ashley/0000-0003-3967-7994; Hannay, Cecile/0000-0001-6363-6151; Hu, Aixue/0000-0002-1337-287X; Shields, Christine A/0000-0003-4481-1377",Dec 28,2019,46,24,,10.1029/2019GL085565,http://dx.doi.org/10.1029/2019GL085565
Along-Dip Segmentation of the Slip Behavior and Rheology of the Copiapo Ridge Subducted in North-Central Chile,"Pasten-Araya, F.; Potin, B.; Azua, K.; Saez, M.; Aden-Antoniow, F.; Ruiz, S.; Cabrera, L.; Ampuero, J. P.; Nocquet, J. M.; Rivera, L.; Duputel, Z.","Pastén-Araya, F; Potin, B; Azúa, K; Sáez, M; Aden-Antoniów, F; Ruiz, S; Cabrera, L; Ampuero, JP; Nocquet, JM; Rivera, L; Duputel, Z","Aden-Antoniow, Florent/AAU-9810-2020; Cabrera, Leoncio/IWM-6725-2023; Ruiz, Sergio/D-6688-2013; SÁEZ, Miguel Antonio/HKM-9944-2023; Potin, Bertrand/MGU-4000-2025; Nocquet, Jean-Mathieu/JCE-4752-2023; Duputel, Zacharie/C-2906-2016; Ampuero, Jean Paul/N-3348-2013","Aden-Antoniow, Florent/0000-0001-8071-1520; Cabrera, Leoncio/0000-0001-9401-2608; Ruiz, Sergio/0000-0003-1758-0788; Potin, Bertrand/0000-0002-1332-5985; Nocquet, Jean-Mathieu/0000-0002-3436-9354; Duputel, Zacharie/0000-0002-8809-451X; Ampuero, Jean Paul/0000-0002-4827-7987",Feb 28,2022,49,4,e2021GL095471,10.1029/2021GL095471,http://dx.doi.org/10.1029/2021GL095471
"The 8 September 2023, MW 6.8, Morocco Earthquake: A Deep Transpressive Faulting Along the Active High Atlas Mountain Belt","Cheloni, D.; Famiglietti, N. A.; Tolomei, C.; Caputo, R.; Vicari, A.","Cheloni, D; Famiglietti, NA; Tolomei, C; Caputo, R; Vicari, A","Vicari, Annamaria/HGB-4157-2022; Caputo, Riccardo/I-5558-2014","Vicari, Annamaria/0000-0003-0175-101X; FAMIGLIETTI, NICOLA ANGELO/0000-0001-5568-2385; Caputo, Riccardo/0000-0002-8884-8991; Cheloni, Daniele/0000-0002-0958-2129; Tolomei, Cristiano/0000-0001-7378-0712",Jan 12,2024,51,2,e2023GL106992,10.1029/2023GL106992,http://dx.doi.org/10.1029/2023GL106992
Fluid-driven seismicity activation in northern Nagano region after the 2011 M9.0 Tohoku-oki earthquake,"Shimojo, Kengo; Enescu, Bogdan; Yagi, Yuji; Takeda, Tetsuya","Shimojo, K; Enescu, B; Yagi, Y; Takeda, T","Enescu, Bogdan/J-6980-2012; Yagi, Yuji/D-8301-2014; Enescu, Bogdan/J-6980-2012","Yagi, Yuji/0000-0001-5327-9277; Enescu, Bogdan/0000-0003-2153-0097",Nov 16,2014,41,21,,10.1002/2014GL061763,http://dx.doi.org/10.1002/2014GL061763
A new population of terrestrial gamma-ray flashes in the RHESSI data,"Ostgaard, N.; Albrecthsen, K. H.; Gjesteland, T.; Collier, A.","Ostgaard, N; Albrecthsen, KH; Gjesteland, T; Collier, A","Gjesteland, Thomas/I-7509-2016",,Dec 28,2015,42,24,,10.1002/2015GL067064,http://dx.doi.org/10.1002/2015GL067064
"Step-like migration of early aftershocks following the 2007 Mw 6.7 Noto-Hanto earthquake, Japan","Kato, Aitaro; Obara, Kazushige","Kato, A; Obara, K","Kato, Aitaro/JBQ-4566-2023",,Jun 16,2014,41,11,,10.1002/2014GL060427,http://dx.doi.org/10.1002/2014GL060427
Automated Detection of Dynamic Earthquake Triggering by the High-Frequency Power Integral Ratio,"Yun, Naidan; Zhou, Shiyong; Yang, Hongfeng; Yue, Han; Zhao, Li","Yun, ND; Zhou, SY; Yang, HF; Yue, H; Zhao, L","YUN, NAIDAN/NDS-4749-2025; Yang, Hongfeng/Q-4328-2018","YUN, NAIDAN/0000-0002-2756-7715; Yang, Hongfeng/0000-0002-5925-6487",Nov 28,2019,46,22,,10.1029/2019GL083913,http://dx.doi.org/10.1029/2019GL083913
Triggering of tremor and inferred slow slip by small earthquakes at the Nankai subduction zone in southwest Japan,"Han, Jiangang; Vidale, John E.; Houston, Heidi; Chao, Kevin; Obara, Kazushige","Han, JG; Vidale, JE; Houston, H; Chao, K; Obara, K","Vidale, John/H-4965-2011","Vidale, John/0000-0002-3658-818X; Chao, Kevin/0000-0001-8108-1890",Nov 28,2014,41,22,,10.1002/2014GL061898,http://dx.doi.org/10.1002/2014GL061898
The Crustal Stress Field Inferred From Focal Mechanisms in Northern Chile,"Herrera, Carlos; Cassidy, John F.; Dosso, Stan E.; Dettmer, Jan; Bloch, Wasja; Sippl, Christian; Salazar, Pablo","Herrera, C; Cassidy, JF; Dosso, SE; Dettmer, J; Bloch, W; Sippl, C; Salazar, P","; Sippl, Christian/AAC-6590-2019; Dettmer, Jan/J-9084-2012","Herrera, Carlos/0000-0002-1222-7742; Salazar, Pablo/0000-0002-7496-705X; Sippl, Christian/0000-0003-4130-6340; Bloch, Wasja/0000-0002-0341-4925; Dettmer, Jan/0000-0001-8906-8156",Apr 28,2021,48,8,e2021GL092889,10.1029/2021GL092889,http://dx.doi.org/10.1029/2021GL092889
Near-Sun speed of CMEs and the magnetic nonpotentiality of their source active regions,"Tiwari, Sanjiv K.; Falconer, David A.; Moore, Ronald L.; Venkatakrishnan, P.; Winebarger, Amy R.; Khazanov, Igor G.","Tiwari, SK; Falconer, DA; Moore, RL; Venkatakrishnan, P; Winebarger, AR; Khazanov, IG",,"Tiwari, Sanjiv/0000-0001-7817-2978",Jul 28,2015,42,14,,10.1002/2015GL064865,http://dx.doi.org/10.1002/2015GL064865
Earthquake hypocenters and focal mechanisms in central Oklahoma reveal a complex system of reactivated subsurface strike-slip faulting,"McNamara, D. E.; Benz, H. M.; Herrmann, R. B.; Bergman, E. A.; Earle, P.; Holland, A.; Baldwin, R.; Gassner, A.","McNamara, DE; Benz, HM; Herrmann, RB; Bergman, EA; Earle, P; Holland, A; Baldwin, R; Gassner, A",,"Holland, Austin/0000-0002-7843-1981",Apr 28,2015,42,8,,10.1002/2014GL062730,http://dx.doi.org/10.1002/2014GL062730
Deep Outer-Rise Faults in the Southern Mariana Subduction Zone Indicated by a Machine-Learning-Based High-Resolution Earthquake Catalog,"Chen, Han; Yang, Hongfeng; Zhu, Gaohua; Xu, Min; Lin, Jian; You, Qingyu","Chen, H; Yang, HF; Zhu, GH; Xu, M; Lin, J; You, QY","; ZHU, Gaohua/ACZ-7250-2022; Yang, Hongfeng/Q-4328-2018","Xu, Min/0000-0001-6475-0394; Lin, Jian/0000-0002-6831-2014; ZHU, Gaohua/0000-0003-4186-7375; Yang, Hongfeng/0000-0002-5925-6487",Jun 28,2022,49,12,e2022GL097779,10.1029/2022GL097779,http://dx.doi.org/10.1029/2022GL097779
Anomalously large complete stress drop during the 2016 Mw 5.2 Borrego Springs earthquake inferred by waveform modeling and near-source aftershock deficit,"Ross, Z. E.; Kanamori, H.; Hauksson, E.","Ross, ZE; Kanamori, H; Hauksson, E",,"Ross, Zachary/0000-0002-6343-8400; Hauksson, Egill/0000-0002-6834-5051",Jun 28,2017,44,12,,10.1002/2017GL073338,http://dx.doi.org/10.1002/2017GL073338
"Fluid-faulting interactions: Fracture-mesh and fault-valve behavior in the February 2014 Mammoth Mountain, California, earthquake swarm","Shelly, David R.; Taira, Taka'aki; Prejean, Stephanie G.; Hill, David P.; Dreger, Douglas S.","Shelly, DR; Taira, T; Prejean, SG; Hill, DP; Dreger, DS","Dreger, Douglas/AAK-6067-2021; Taira, Taka'aki/L-5839-2013","Taira, Taka'aki/0000-0002-6170-797X; Prejean, Stephanie/0000-0003-0510-1989; Shelly, David/0000-0003-2783-5158",Jul 28,2015,42,14,,10.1002/2015GL064325,http://dx.doi.org/10.1002/2015GL064325
Spatiotemporal Variations of In Situ Vp/Vs Ratios During the 2019 Ridgecrest Earthquake Sequence Suggest Fault Zone Condition Changes,"Lin, Guoqing; Fan, Wenyuan","Lin, GQ; Fan, WY","Fan, Wenyuan/M-2748-2016","Fan, Wenyuan/0000-0002-2983-8240",May 24,2024,51,10,e2024GL109171,10.1029/2024GL109171,http://dx.doi.org/10.1029/2024GL109171
S-5P/TROPOMI-Derived NOx Emissions From Copper/Cobalt Mining and Other Industrial Activities in the Copperbelt (Democratic Republic of Congo and Zambia),"Martinez-Alonso, S.; Veefkind, J. P.; Dix, B.; Gaubert, B.; Theys, N.; Granier, C.; Soulie, A.; Darras, S.; Eskes, H.; Tang, W.; Worden, H.; de Gouw, J.; Levelt, P. F.","Martínez-Alonso, S; Veefkind, JP; Dix, B; Gaubert, B; Theys, N; Granier, C; Soulie, A; Darras, S; Eskes, H; Tang, W; Worden, H; de Gouw, J; Levelt, PF","Martinez-Alonso, Sara/D-8594-2011; DIX, BARBARA/LUY-1717-2024; Levelt, Pieternel/AAE-3835-2022; de Gouw, Joost/A-9675-2008; Eskes, Henk/ADR-8555-2022","Martinez-Alonso, Sara/0000-0001-5185-8670; DIX, BARBARA/0000-0001-6753-8620; Gaubert, Benjamin/0000-0002-6595-0686; Tang, Wenfu/0000-0002-0107-4496",Oct 16,2023,50,19,e2023GL104109,10.1029/2023GL104109,http://dx.doi.org/10.1029/2023GL104109
"Tracking the Cracking: A Holistic Analysis of Rapid Ice Shelf Fracture Using Seismology, Geodesy, and Satellite Imagery on the Pine Island Glacier Ice Shelf, West Antarctica","Olinger, S. D.; Lipovsky, B. P.; Denolle, M. A.; Crowell, B. W.","Olinger, SD; Lipovsky, BP; Denolle, MA; Crowell, BW","; Crowell, Brendan/A-5708-2013","Olinger, Stephanie/0000-0001-9061-3019; Denolle, Marine/0000-0002-1610-2250; Lipovsky, Bradley/0000-0003-4940-0745; Crowell, Brendan/0000-0001-7096-601X",May 28,2022,49,10,e2021GL097604,10.1029/2021GL097604,http://dx.doi.org/10.1029/2021GL097604
A Poisson model for earthquake frequency uncertainties in seismic hazard analysis,"Greenhough, J.; Main, I. G.","Greenhough, J; Main, IG","Main, Ian Graham/AAO-4365-2021","Main, Ian Graham/0000-0001-7031-6746",Oct 15,2008,35,19,L19313,10.1029/2008GL035353,http://dx.doi.org/10.1029/2008GL035353
Highly Systematic Response of Seismic Rupture Patterns to Background Loading Rate: Insights From Repeating Earthquakes,"Yoshida, Keisuke; Ide, Satoshi","Yoshida, K; Ide, S","Yoshida, Keisuke/AAE-4947-2019; Ide, Satoshi/G-4887-2014","Yoshida, Keisuke/0000-0002-1058-9811; Ide, Satoshi/0000-0003-0063-548X",May 19,2025,52,10,e2025GL115207,10.1029/2025GL115207,http://dx.doi.org/10.1029/2025GL115207
"InSAR Reveals Complex Surface Deformation Patterns Over an 80,000 km2 Oil-Producing Region in the Permian Basin","Staniewicz, Scott; Chen, Jingyi; Lee, Hunjoo; Olson, Jon; Savvaidis, Alexandros; Reedy, Robert; Breton, Caroline; Rathje, Ellen; Hennings, Peter","Staniewicz, S; Chen, JY; Lee, H; Olson, J; Savvaidis, A; Reedy, R; Breton, C; Rathje, E; Hennings, P","; Savvaidis, Alexanos/ABB-1957-2021; Chen, Jingyi/HSH-0573-2023; Hennings, Peter/Q-8800-2018; Staniewicz, Scott/JXX-4526-2024","Rathje, Ellen/0000-0002-4169-7153; Savvaidis, Alexanos/0000-0001-6373-5256; Olson, Jon/0000-0003-2498-3956; Chen, Jingyi/0000-0001-8493-6938; Lee, Hunjoo/0000-0002-7427-3322; Breton, Caroline/0000-0001-7988-6542; Hennings, Peter/0000-0002-1714-4997; Staniewicz, Scott/0000-0002-3055-5731",Nov 16,2020,47,21,e2020GL090151,10.1029/2020GL090151,http://dx.doi.org/10.1029/2020GL090151
Nontrivial clustering of microseismicity induced by hydraulic fracturing,"Maghsoudi, Samira; Eaton, David W.; Davidsen, Joern","Maghsoudi, S; Eaton, DW; Davidsen, J","Davis, James/D-8766-2013; Eaton, David/AAR-5939-2021","Maghsoudi, Samira/0000-0001-8012-3294",Oct 28,2016,43,20,,10.1002/2016GL070983,http://dx.doi.org/10.1002/2016GL070983
"Remote triggered seismicity caused by the 2011, M9.0 Tohoku-Oki, Japan earthquake","Gonzalez-Huizar, Hector; Velasco, Aaron A.; Peng, Zhigang; Castro, Raul R.","Gonzalez-Huizar, H; Velasco, AA; Peng, ZG; Castro, RR","PENG, ZHI/IQT-6531-2023; Castro, Raul Ramon/F-7974-2018; Velasco, Aaron/H-2666-2012","GONZALEZ-HUIZAR, HECTOR/0000-0001-8937-732X; Castro, Raul Ramon/0000-0003-0463-0117; Velasco, Aaron/0000-0003-0695-6153",May 19,2012,39,,L10302,10.1029/2012GL051015,http://dx.doi.org/10.1029/2012GL051015
Statistical evaluation of characteristic earthquakes in the frequency-magnitude distributions of Sumatra and other subduction zone regions,"Naylor, M.; Greenhough, J.; McCloskey, J.; Bell, A. F.; Main, I. G.","Naylor, M; Greenhough, J; McCloskey, J; Bell, AF; Main, IG","Naylor, Mark/B-8460-2008; Main, Ian Graham/AAO-4365-2021","Naylor, Mark/0000-0002-3761-5522; Main, Ian Graham/0000-0001-7031-6746; Bell, Anew/0000-0002-5633-6289",Oct 17,2009,36,,L20303,10.1029/2009GL040460,http://dx.doi.org/10.1029/2009GL040460
"Space geodetic determination of spatial variability in relative sea level change, Los Angeles basin","Brooks, B. A.; Merrifield, M. A.; Foster, J.; Werner, C. L.; Gomez, F.; Bevis, M.; Gill, S.","Brooks, BA; Merrifield, MA; Foster, J; Werner, CL; Gomez, F; Bevis, M; Gill, S","Werner, Charles/IZQ-1401-2023; Foster, James/G-7942-2012","Foster, James/0000-0003-2052-5798",Jan 12,2007,34,1,L01611,10.1029/2006GL028171,http://dx.doi.org/10.1029/2006GL028171
Scaling of maximum observed magnitudes with geometrical and stress properties of strike-slip faults,"Martinez-Garzon, Patricia; Bohnhoff, Marco; Ben-Zion, Yehuda; Dresen, Georg","Martínez-Garzón, P; Bohnhoff, M; Ben-Zion, Y; Dresen, G","Bohnhoff, Marco/B-4354-2017; Martínez-Garzón, Patricia/G-5686-2016","Bohnhoff, Marco/0000-0001-7383-635X;",Dec 16,2015,42,23,,10.1002/2015GL066478,http://dx.doi.org/10.1002/2015GL066478
Long-term slip history discriminates among occurrence models for seismic hazard assessment,"Fitzenz, D. D.; Ferry, M. A.; Jalobeanu, A.","Fitzenz, DD; Ferry, MA; Jalobeanu, A","Ferry, Matthieu/AAB-7753-2020","Ferry, Matthieu/0000-0002-6498-7807",Oct 22,2010,37,,L20307,10.1029/2010GL044071,http://dx.doi.org/10.1029/2010GL044071
Loading Rate Variations Along a Midcrustal Shear Zone Preceding the Mw6.0 Earthquake of 24 August 2016 in Central Italy,"Vuan, A.; Sugan, M.; Chiaraluce, L.; Di Stefano, R.","Vuan, A; Sugan, M; Chiaraluce, L; Di Stefano, R","Chiaraluce, Lauro/A-4410-2012; Di Stefano, Raffaele/ISV-0052-2023; Vuan, Alessano/GLR-3168-2022","Chiaraluce, Lauro/0000-0002-9697-6504; Di Stefano, Raffaele/0000-0003-3489-7453; Vuan, Alessano/0000-0001-5536-1717; Sugan, Monica/0000-0002-1247-3193",Dec 28,2017,44,24,,10.1002/2017GL076223,http://dx.doi.org/10.1002/2017GL076223
"A P wave-based, on-site method for earthquake early warning","Colombelli, S.; Caruso, A.; Zollo, A.; Festa, G.; Kanamori, H.","Colombelli, S; Caruso, A; Zollo, A; Festa, G; Kanamori, H","; Festa, Gaetano/F-8525-2010; Colombelli, Simona/G-1298-2011; zollo, aldo/B-5344-2010","Caruso, Alessano/0000-0002-3190-5721; Colombelli, Simona/0000-0002-5946-0795; zollo, aldo/0000-0002-8191-9566",Mar 16,2015,42,5,,10.1002/2014GL063002,http://dx.doi.org/10.1002/2014GL063002
Heterogeneities along the 2009 L'Aquila normal fault inferred by the b-value distribution,"De Gori, Pasquale; Lucente, Francesco Pio; Lombardi, Anna Maria; Chiarabba, Claudio; Montuori, Caterina","De Gori, P; Lucente, FP; Lombardi, AM; Chiarabba, C; Montuori, C","chiarabba, claudio/G-4780-2011; Lucente, Francesco Pio/E-6069-2011; De Gori, Pasquale/HKV-1312-2023; Anna Maria, Lombardi/F-7870-2018; Montuori, Caterina/HHS-5433-2022","chiarabba, claudio/0000-0002-8111-3466; Lucente, Francesco Pio/0000-0002-8717-1720; De Gori, Pasquale/0000-0001-8160-0849; Anna Maria, Lombardi/0000-0002-8326-7135; Montuori, Caterina/0000-0001-8079-8451",Aug 4,2012,39,,L15304,10.1029/2012GL052822,http://dx.doi.org/10.1029/2012GL052822
Incorporating Non-Seismicity Precursors Into Earthquake Probabilistic Forecasting Model,"Zhang, Yiqun; Han, Peng; Chen, Hongyan; Zhan, Chengxiang; Niu, Yuanyuan; Zhuang, Jiancang; Zhu, Kaiguang","Zhang, YQ; Han, P; Chen, HY; Zhan, CX; Niu, YY; Zhuang, JC; Zhu, KG","; Zhuang, Jiancang/C-3650-2011; Zhang, YiQun/HCI-2427-2022","Han, Peng/0000-0002-9997-8505; Chengxiang, Zhan/0000-0002-0618-2656; Zhuang, Jiancang/0000-0002-9708-3871; 张, 逸群/0000-0002-4028-1594; Zhu, Kaiguang/0000-0002-4674-8001",Dec 16,2025,52,24,e2025GL117972,10.1029/2025GL117972,http://dx.doi.org/10.1029/2025GL117972
Evidence for Fluid Pressurization of Fault Zones and Persistent Sensitivity to Injection Rate Beneath the Raton Basin,"Jamalreyhani, Mohammadreza; Wang, Ruijia; Schmandt, Brandon; Castro, Andres Felipe Pena; Glasgow, Margaret Elizabeth","Jamalreyhani, M; Wang, RJ; Schmandt, B; Castro, AFP; Glasgow, ME","; Peña Castro, Anes Felipe/KBA-4009-2024; Jamalreyhani, Mohammaeza/AAE-7013-2022; Wang, Ruijia/IWE-0011-2023","Glasgow, Margaret/0000-0001-5637-5918; Peña Castro, Anes Felipe/0000-0001-8055-1977; Jamalreyhani, Mohammaeza/0000-0003-4181-7175; Wang, Ruijia/0000-0002-1757-5113",Jul 7,2025,52,13,e2025GL114675,10.1029/2025GL114675,http://dx.doi.org/10.1029/2025GL114675
"Deformation on Rainbow Massif, Mid-Atlantic Ridge, Illuminated With Microearthquakes Detected by Machine Learning","Anderson, Evan C.; Parnell-Turner, Ross; Sohn, Robert A.; Fan, Wenyuan","Anderson, EC; Parnell-Turner, R; Sohn, RA; Fan, WY","; Parnell-Turner, Ross/AAS-7472-2020; Fan, Wenyuan/M-2748-2016","Anderson, Evan/0000-0003-2042-3011; Sohn, Robert/0000-0002-9050-8603; Parnell-Turner, Ross/0000-0003-0641-3634; Fan, Wenyuan/0000-0002-2983-8240",Jan 27,2025,52,2,e2024GL111285,10.1029/2024GL111285,http://dx.doi.org/10.1029/2024GL111285
Deep low-frequency earthquakes in tremor localize to the plate interface in multiple subduction zones,"Brown, Justin R.; Beroza, Gregory C.; Ide, Satoshi; Ohta, Kazuaki; Shelly, David R.; Schwartz, Susan Y.; Rabbel, Wolfgang; Thorwart, Martin; Kao, Honn","Brown, JR; Beroza, GC; Ide, S; Ohta, K; Shelly, DR; Schwartz, SY; Rabbel, W; Thorwart, M; Kao, H","; Ide, Satoshi/G-4887-2014","Beroza, Gregory/0000-0002-8667-1838; Ohta, Kazuaki/0000-0002-5869-7838; Shelly, David/0000-0003-2783-5158; Ide, Satoshi/0000-0003-0063-548X",Oct 14,2009,36,,L19306,10.1029/2009GL040027,http://dx.doi.org/10.1029/2009GL040027
On the space-time distribution of major explosive volcanic eruptions on Earth,"Palladino, Danilo M.; Sottili, Gianluca","Palladino, DM; Sottili, G","Sottili, Gianluca/ABD-5074-2020","Sottili, Gianluca/0000-0001-7977-8330",Jun 30,2012,39,,L12308,10.1029/2012GL052541,http://dx.doi.org/10.1029/2012GL052541
Large Megathrust Earthquakes Tend to Sustain an Increasingly Longer Duration Than Expected,"Cui, Yumin; Li, Shaoyang; Chen, Ling; Aoki, Yosuke","Cui, YM; Li, SY; Chen, L; Aoki, Y","; Li, Shaoyang/AAF-3699-2020","Cui, Yumin/0009-0005-7538-1930; Aoki, Yosuke/0000-0002-2539-4144; Chen, Ling/0000-0001-7170-5954; Li, Shaoyang/0000-0001-9832-4561",Apr 23,2025,52,8,e2024GL112985,10.1029/2024GL112985,http://dx.doi.org/10.1029/2024GL112985
"Seismicity changes prior to the Ms8.0 Wenchuan earthquake in Sichuan, China","Huang, Qinghua","Huang, QH","Huang, Qinghua/A-1007-2011","Huang, Qinghua/0000-0002-1923-3002",Dec 11,2008,35,23,L23308,10.1029/2008GL036270,http://dx.doi.org/10.1029/2008GL036270
Combining constraints from tsunami modeling and sedimentology to untangle the 1969 Ozernoi and 1971 Kamchatskii tsunamis,"Martin, M. Elizabeth; Weiss, Robert; Bourgeois, Joanne; Pinegina, Tatiana K.; Houston, Heidi; Titov, Vasily V.","Martin, ME; Weiss, R; Bourgeois, J; Pinegina, TK; Houston, H; Titov, VV","Pinegina, Tatiana/K-7042-2017; Weiss, Robert/B-8060-2012; Titov, Vasily/P-9579-2017","Pinegina, Tatiana/0000-0001-6284-8830; Weiss, Robert/0000-0002-7168-5401; Titov, Vasily/0000-0002-1630-3829",Jan 15,2008,35,1,L01610,10.1029/2007GL032349,http://dx.doi.org/10.1029/2007GL032349
Static stress triggering explains the empirical aftershock distance decay,"Hainzl, Sebastian; Moradpour, Javad; Davidsen, Joern","Hainzl, S; Moradpour, J; Davidsen, J","Hainzl, Sebastian/KVA-4598-2024; Davis, James/D-8766-2013; Moradpour Taleshi, Javad/AAZ-8678-2021","Hainzl, Sebastian/0000-0002-2875-0933; Moradpour Taleshi, Javad/0000-0002-5890-6046",Dec 28,2014,41,24,,10.1002/2014GL061975,http://dx.doi.org/10.1002/2014GL061975
Processes and boreal summer impacts of the 2004 El Nino Modoki: An AGCM study,"Ashok, Karumuri; Iizuka, Satoshi; Rao, S. A.; Saji, N. H.; Lee, W. -J.","Ashok, K; Iizuka, S; Rao, SA; Saji, NH; Lee, WJ","A, RAO/ABE-9913-2020; IIZUKA, Satoshi/S-3290-2019; Lee, Wooseung/AAC-7790-2022; Hameed, Saji/B-9188-2009","Hameed, Saji/0000-0002-6199-9853; Ashok, Karumuri/0000-0002-5937-8089",Feb 20,2009,36,,L04703,10.1029/2008GL036313,http://dx.doi.org/10.1029/2008GL036313
Power-law distribution of fault slip-rates in southern California,"Meade, Brendan J.","Meade, BJ",,,Dec 8,2007,34,23,L23307,10.1029/2007GL031454,http://dx.doi.org/10.1029/2007GL031454
Two examples of magnetic clouds with double rotations observed by the Ulysses spacecraft - art. no. L06804,"Rees, A; Forsyth, RJ","Rees, A; Forsyth, RJ",,,Mar 18,2004,31,6,L06804,10.1029/2003GL018330,http://dx.doi.org/10.1029/2003GL018330
A slow slip event in the south central Alaska Subduction Zone and related seismicity anomaly,"Wei, Meng; McGuire, Jeffrey J.; Richardson, Eliza","Wei, M; McGuire, JJ; Richardson, E",,"Wei, Meng/0000-0002-7405-3389",Aug 11,2012,39,,L15309,10.1029/2012GL052351,http://dx.doi.org/10.1029/2012GL052351
"Imaging widespread seismicity at midlower crustal depths beneath Long Beach, CA, with a dense seismic array: Evidence for a depth-dependent earthquake size distribution","Inbal, Asaf; Clayton, Robert W.; Ampuero, Jean-Paul","Inbal, A; Clayton, RW; Ampuero, JP","Ampuero, Jean Paul/N-3348-2013","Ampuero, Jean Paul/0000-0002-4827-7987",Aug 16,2015,42,15,,10.1002/2015GL064942,http://dx.doi.org/10.1002/2015GL064942
The influence of tectonic regimes on the earthquake size distribution: A case study for Italy,"Gulia, Laura; Wiemer, Stefan","Gulia, L; Wiemer, S","Wiemer, Stefan/E-5033-2015; Gulia, Laura/HLQ-0743-2023","Wiemer, Stefan/0000-0002-4919-3283; Gulia, Laura/0000-0002-1474-230X",May 21,2010,37,,L10305,10.1029/2010GL043066,http://dx.doi.org/10.1029/2010GL043066
"Implications of Fault-Valve Behavior From Immediate Aftershocks Following the 2023 Mj6.5 Earthquake Beneath the Noto Peninsula, Central Japan","Kato, Aitaro","Kato, A",,,Dec 28,2023,51,1,e2023GL106444,10.1029/2023GL106444,http://dx.doi.org/10.1029/2023GL106444
Automatic detection of long-period events at Campi Flegrei Caldera (Italy),"Ciaramella, A.; De Lauro, E.; Falanga, M.; Petrosino, S.","Ciaramella, A; De Lauro, E; Falanga, M; Petrosino, S","; PETROSINO, Simona/K-7206-2019; De Lauro, Enza/A-1805-2013","Ciaramella, Angelo/0000-0001-5592-7995; Falanga, Mariarosaria/0000-0001-9735-446X; PETROSINO, Simona/0000-0002-5042-0244; De Lauro, Enza/0000-0002-8841-1861",Sep 17,2011,38,,L18302,10.1029/2011GL049065,http://dx.doi.org/10.1029/2011GL049065
Finite fault inversion of DInSAR coseismic displacement of the 2009 L'Aquila earthquake (central Italy),"Atzori, Simone; Hunstad, Ingrid; Chini, Marco; Salvi, Stefano; Tolomei, Cristiano; Bignami, Christian; Stramondo, Salvatore; Trasatti, Elisa; Antonioli, Andrea; Boschi, Enzo","Atzori, S; Hunstad, I; Chini, M; Salvi, S; Tolomei, C; Bignami, C; Stramondo, S; Trasatti, E; Antonioli, A; Boschi, E","; Salvi, Stefano/G-3905-2011; Bignami, Christian/D-3130-2015; Hunstad, Ingrid/E-7235-2015; Antonioli, Anea/H-2008-2018; Boschi, Enzo/B-4211-2011; Trasatti, Elisa/AAB-1390-2020","Chini, Marco/0000-0002-9094-0367; Salvi, Stefano/0000-0002-7776-6544; Tolomei, Cristiano/0000-0001-7378-0712; Bignami, Christian/0000-0002-8632-9979; Hunstad, Ingrid/0000-0002-3573-873X; Stramondo, Salvatore/0000-0003-0163-7647; Antonioli, Anea/0000-0002-7502-5662; Atzori, Simone/0000-0002-5031-9904; Boschi, Enzo/0000-0003-0527-9664; Trasatti, Elisa/0000-0002-2983-045X",Aug 15,2009,36,,L15305,10.1029/2009GL039293,http://dx.doi.org/10.1029/2009GL039293
"Aftershocks of the Andreanof Islands earthquake of June 10, 1996, and local seismotectonics","Kisslinger, C; Kikuchi, M","Kisslinger, C; Kikuchi, M",,,Aug 1,1997,24,15,,10.1029/97GL01848,http://dx.doi.org/10.1029/97GL01848
Locating nonvolcanic tremors beneath the San Andreas Fault using a station-pair double-difference location method,"Zhang, Haijiang; Nadeau, Robert M.; Toksoz, M. Nafi","Zhang, HJ; Nadeau, RM; Toksoz, MN","Zhang, Haijiang/NFR-8092-2025; Nadeau, Robert/G-1884-2017","Zhang, Haijiang/0000-0003-4358-8951;",Jul 8,2010,37,,L13304,10.1029/2010GL043577,http://dx.doi.org/10.1029/2010GL043577
The global population of large craters on Mercury and comparison with the Moon,"Fassett, Caleb I.; Kadish, Seth J.; Head, James W.; Solomon, Sean C.; Strom, Robert G.","Fassett, CI; Kadish, SJ; Head, JW; Solomon, SC; Strom, RG",,"Fassett, Caleb/0000-0001-9155-3804",May 17,2011,38,,L10202,10.1029/2011GL047294,http://dx.doi.org/10.1029/2011GL047294
"Migrating swarms of brittle-failure earthquakes in the lower crust beneath Mammoth Mountain, California","Shelly, David R.; Hill, David P.","Shelly, DR; Hill, DP",,"Shelly, David/0000-0003-2783-5158",Oct 25,2011,38,,L20307,10.1029/2011GL049336,http://dx.doi.org/10.1029/2011GL049336
"Intermittent tremor migrations beneath Guerrero, Mexico, and implications for fault healing within the slow slip zone","Peng, Yajun; Rubin, Allan M.","Peng, YJ; Rubin, AM",,,Jan 28,2017,44,2,,10.1002/2016GL071614,http://dx.doi.org/10.1002/2016GL071614
Observations of interplanetary dust by the Juno magnetometer investigation,"Benn, M.; Jorgensen, J. L.; Denver, T.; Brauer, P.; Jorgensen, P. S.; Andersen, A. C.; Connerney, J. E. P.; Oliversen, R.; Bolton, S. J.; Levin, S.","Benn, M; Jorgensen, JL; Denver, T; Brauer, P; Jorgensen, PS; Andersen, AC; Connerney, JEP; Oliversen, R; Bolton, SJ; Levin, S","connerney, jack/I-5127-2013; bolton, scott/M-4392-2019; Jørgensen, Peter Siegbjørn/GQP-5655-2022; Brauer, Peter/W-9483-2019; Andersen, Anja Cetti/P-4822-2014; Benn, Mathias/AAY-6518-2021","connerney, jack/0000-0001-7478-6462; bolton, scott/0000-0002-9115-0789; Jørgensen, Peter Siegbjørn/0000-0002-0128-950X; Brauer, Peter/0000-0003-0639-8964; Jørgensen, John Leif/0000-0002-0343-239X; Andersen, Anja Cetti/0000-0001-8169-7273; Denver, Troelz/0000-0002-6377-9942; Levin, Steven/0000-0003-2242-5459;",May 28,2017,44,10,,10.1002/2017GL073186,http://dx.doi.org/10.1002/2017GL073186
"A Maximum Rupture Model for the Southern San Andreas and San Jacinto Faults, California, Derived From Paleoseismic Earthquake Ages: Observations and Limitations","Scharer, Katherine M.; Yule, Doug","Scharer, KM; Yule, D",,"Yule, Doug/0000-0002-0725-851X",Aug 16,2020,47,15,e2020GL088532,10.1029/2020GL088532,http://dx.doi.org/10.1029/2020GL088532
California foreshock sequences suggest aseismic triggering process,"Chen, Xiaowei; Shearer, Peter M.","Chen, XW; Shearer, PM","Shearer, Peter/K-5247-2012","Shearer, Peter/0000-0002-2992-7630",Jun 16,2013,40,11,,10.1002/grl.50444,http://dx.doi.org/10.1002/grl.50444
Tomographic Pn velocity and anisotropy structure beneath the Anatolian plateau (eastern Turkey) and the surrounding regions,"Al-Lazki, AI; Seber, D; Sandvol, E; Turkelli, N; Mohamad, R; Barazangi, M","Al-Lazki, AI; Seber, D; Sandvol, E; Turkelli, N; Mohamad, R; Barazangi, M",,,Sep 10,2003,30,24,8043,10.1029/2003GL017391,http://dx.doi.org/10.1029/2003GL017391
Do weak global stresses synchronize earthquakes?,"Bendick, R.; Bilham, R.","Bendick, R; Bilham, R",,"Bilham, Roger/0000-0002-5547-4102; Bendick, Rebecca/0000-0003-4204-3546",Aug 28,2017,44,16,,10.1002/2017GL074934,http://dx.doi.org/10.1002/2017GL074934
Real-time inversion of GPS data for finite fault modeling and rapid hazard assessment,"Crowell, Brendan W.; Bock, Yehuda; Melgar, Diego","Crowell, BW; Bock, Y; Melgar, D","Crowell, Brendan/A-5708-2013; Melgar, Diego/AAV-8206-2021","Crowell, Brendan/0000-0001-7096-601X;",May 5,2012,39,,L09305,10.1029/2012GL051318,http://dx.doi.org/10.1029/2012GL051318
An autocorrelation method to detect low frequency earthquakes within tremor,"Brown, Justin R.; Beroza, Gregory C.; Shelly, David R.","Brown, JR; Beroza, GC; Shelly, DR",,"Shelly, David/0000-0003-2783-5158; Beroza, Gregory/0000-0002-8667-1838",Aug 21,2008,35,16,L16305,10.1029/2008GL034560,http://dx.doi.org/10.1029/2008GL034560
"Evidence for fluid-triggered slip in the 2009 Mount Rainier, Washington earthquake swarm","Shelly, David R.; Moran, Seth C.; Thelen, Weston A.","Shelly, DR; Moran, SC; Thelen, WA",,"Shelly, David/0000-0003-2783-5158; Moran, Seth/0000-0001-7308-9649",Apr 28,2013,40,8,,10.1002/grl.50354,http://dx.doi.org/10.1002/grl.50354
Moisture- Versus Wind-Dominated Flavors of Atmospheric Rivers,"Gonzales, Katerina R.; Swain, Daniel L.; Barnes, Elizabeth A.; Diffenbaugh, Noah S.","Gonzales, KR; Swain, DL; Barnes, EA; Diffenbaugh, NS","Swain, Daniel/I-9394-2019; Diffenbaugh, Noah/I-5920-2014; Barnes, Elizabeth/O-1790-2014","Swain, Daniel/0000-0003-4276-3092; Diffenbaugh, Noah/0000-0002-8856-4964; Barnes, Elizabeth/0000-0003-4284-9320; Gonzales, Katerina/0000-0001-9578-6314",Nov 28,2020,47,23,e2020GL090042,10.1029/2020GL090042,http://dx.doi.org/10.1029/2020GL090042
"Seismic-afterslip characterization of the 2010 MW 8.8 Maule, Chile, earthquake based on moment tensor inversion","Agurto, Hans; Rietbrock, Andreas; Ryder, Isabelle; Miller, Matthew","Agurto, H; Rietbrock, A; Ryder, I; Miller, M","Agurto-Detzel, Hans/L-5228-2013","Agurto-Detzel, Hans/0000-0003-0390-9917; Miller, Matt/0000-0002-4846-3173",Oct 17,2012,39,,L20303,10.1029/2012GL053434,http://dx.doi.org/10.1029/2012GL053434
Improving back projection imaging with a novel physics-based aftershock calibration approach: A case study of the 2015 Gorkha earthquake,"Meng, Lingsen; Zhang, Ailin; Yagi, Yuji","Meng, LS; Zhang, AL; Yagi, YJ","Yagi, Yuji/D-8301-2014","Yagi, Yuji/0000-0001-5327-9277",Jan 28,2016,43,2,,10.1002/2015GL067034,http://dx.doi.org/10.1002/2015GL067034
Anatomy of a Caldera Collapse: Kilauea 2018 Summit Seismicity Sequence in High Resolution,"Shelly, David R.; Thelen, Weston A.","Shelly, DR; Thelen, WA",,,Dec 28,2019,46,24,,10.1029/2019GL085636,http://dx.doi.org/10.1029/2019GL085636
Seismic Evidence of an Early Afterslip During the 2012 sequence in Emilia (Italy),"Sugan, M.; Vuan, A.; Kato, A.; Massa, M.; Amati, G.","Sugan, M; Vuan, A; Kato, A; Massa, M; Amati, G","Vuan, Alessano/GLR-3168-2022; Kato, Aitaro/JBQ-4566-2023; Massa, Marco/GRF-0572-2022; Amati, Giorgio/K-7565-2019","Vuan, Alessano/0000-0001-5536-1717; Sugan, Monica/0000-0002-1247-3193; Massa, Marco/0000-0003-0696-2035; Amati, Giorgio/0000-0003-1116-1443",Jan 28,2019,46,2,,10.1029/2018GL079617,http://dx.doi.org/10.1029/2018GL079617
Simulating Short-Term Evolution of Slow Slip Influenced by Fault Heterogeneities and Tides,"Peng, Yajun; Rubin, Allan M.","Peng, YJ; Rubin, AM",,,Oct 16,2018,45,19,,10.1029/2018GL078752,http://dx.doi.org/10.1029/2018GL078752
The Effect of a Mainshock on the Size Distribution of the Aftershocks,"Gulia, L.; Rinaldi, A. P.; Tormann, T.; Vannucci, G.; Enescu, B.; Wiemer, S.","Gulia, L; Rinaldi, AP; Tormann, T; Vannucci, G; Enescu, B; Wiemer, S","Enescu, Bogdan/J-6980-2012; VANNUCCI, Gianfranco/HKF-4624-2023; Gulia, Laura/HLQ-0743-2023; Rinaldi, Antonio Pio/N-3284-2013; Enescu, Bogdan/J-6980-2012; Wiemer, Stefan/E-5033-2015","VANNUCCI, Gianfranco/0000-0003-0918-0784; Gulia, Laura/0000-0002-1474-230X; Rinaldi, Antonio Pio/0000-0001-7052-8618; Enescu, Bogdan/0000-0003-2153-0097; Wiemer, Stefan/0000-0002-4919-3283",Dec 28,2018,45,24,,10.1029/2018GL080619,http://dx.doi.org/10.1029/2018GL080619
"Eruption Interval Monitoring at Strokkur Geyser, Iceland","Eibl, Eva P. S.; Hainzl, Sebastian; Vesely, Nele I. K.; Walter, Thomas R.; Jousset, Philippe; Hersir, Gylfi Pall; Dahm, Torsten","Eibl, EPS; Hainzl, S; Vesely, NIK; Walter, TR; Jousset, P; Hersir, GP; Dahm, T","; Walter, Thomas/AAQ-7405-2021; Eibl, Eva/HIR-7341-2022; Hainzl, Sebastian/KVA-4598-2024; Jousset, Philippe/JTV-6568-2023","Vesely, Nele I K/0000-0003-3249-882X; Eibl, Eva/0000-0002-0667-0035; Hainzl, Sebastian/0000-0002-2875-0933;",Jan 16,2020,47,1,e2019GL085266,10.1029/2019GL085266,http://dx.doi.org/10.1029/2019GL085266
Seismicity Rate Changes and Geodetic Transients in Central Apennines,"Vicic, Blaz; Aoudia, Abdelkrim; Borghi, Alessandra; Momeni, Seyyedmaalek; Vuan, Alessandro","Vicic, B; Aoudia, A; Borghi, A; Momeni, S; Vuan, A","Vuan, Alessano/GLR-3168-2022; Borghi, Alessana/F-8582-2010","Vuan, Alessano/0000-0001-5536-1717; Momeni, Seyyedmaalek/0000-0002-6170-7435; Vičič, Blaž/0000-0002-3677-2112; Borghi, Alessana/0000-0001-6088-0386",Nov 28,2020,47,22,e2020GL090668,10.1029/2020GL090668,http://dx.doi.org/10.1029/2020GL090668
A Global Analysis of Crater Depth/Diameter Ratios on the Moon,"Wu, Bo; Wang, Yiran; Werner, Stephanie C.; Prieur, Nils C.; Xiao, Zhiyong","Wu, B; Wang, YR; Werner, SC; Prieur, NC; Xiao, ZY","Wang, Yiran/ABI-7504-2022; Werner, Stephanie C/A-6438-2012; Wu, Bo/J-6177-2012; Xiao, Zhiyong/P-2376-2016","Wang, Yiran/0000-0002-0488-630X; Werner, Stephanie C/0000-0001-5704-0909; Wu, Bo/0000-0001-9530-3044; Xiao, Zhiyong/0000-0002-5026-6937",Oct 28,2022,49,20,e2022GL100886,10.1029/2022GL100886,http://dx.doi.org/10.1029/2022GL100886
Constraints on volumes and patterns of asthenospheric melt from the space-time distribution of seamounts,"Conrad, Clinton P.; Selway, Kate; Hirschmann, Marc M.; Ballmer, Maxim D.; Wessel, Paul","Conrad, CP; Selway, K; Hirschmann, MM; Ballmer, MD; Wessel, P","Hirschmann, marc/B-9455-2016; Conrad, Clinton/ABG-4901-2020; Ballmer, Maxim/AAE-5204-2021","Hirschmann, marc/0000-0003-1213-6645; Conrad, Clinton/0000-0003-4314-2351; Ballmer, Maxim/0000-0001-8886-5030; Selway, Kate/0000-0001-5752-7717",Jul 28,2017,44,14,,10.1002/2017GL074098,http://dx.doi.org/10.1002/2017GL074098
Controlling Factors of Seismicity and Geometry in Double Seismic Zones,"Florez, M. A.; Prieto, G. A.","Florez, MA; Prieto, GA","; Prieto, German/O-3025-2019","Florez Torres, Manuel/0000-0003-1034-2082; Prieto, German/0000-0001-8538-7379",Apr 28,2019,46,8,,10.1029/2018GL081168,http://dx.doi.org/10.1029/2018GL081168
Controls on Lunar Basaltic Volcanic Eruption Structure and Morphology: Gas Release Patterns in Sequential Eruption Phases,"Wilson, L.; Head, J. W.","Wilson, L; Head, JW",,,Jun 28,2018,45,12,,10.1029/2018GL078327,http://dx.doi.org/10.1029/2018GL078327
Intermediate-Depth Earthquakes Controlled by Incoming Plate Hydration Along Bending-Related Faults,"Boneh, Yuval; Schottenfels, Emily; Kwong, Kevin; van Zelst, Iris; Tong, Xinyue; Eimer, Melody; Miller, Meghan S.; Moresi, Louis; Warren, Jessica M.; Wiens, Douglas A.; Billen, Magali; Naliboff, John; Zhan, Zhongwen","Boneh, Y; Schottenfels, E; Kwong, K; van Zelst, I; Tong, XY; Eimer, M; Miller, MS; Moresi, L; Warren, JM; Wiens, DA; Billen, M; Naliboff, J; Zhan, ZW","Wiens, Douglas/J-9259-2016; Naliboff, John/D-8160-2016; Warren, Jessica/J-5216-2017; Billen, Magali/E-7381-2013; Miller, Meghan/A-2688-2011; Moresi, Louis-Noel/H-1390-2011; Boneh, Yuval/AAT-5298-2021; Tong, Xinyue/Q-4914-2018","Wiens, Douglas/0000-0002-5169-4386; Schottenfels, Emily/0000-0002-4974-1737; Warren, Jessica/0000-0002-4046-4200; Billen, Magali/0000-0002-7316-1791; Miller, Meghan/0000-0001-5494-2296; Moresi, Louis-Noel/0000-0003-3685-174X; Zhan, Zhongwen/0000-0002-5586-2607; Kwong, Kevin/0000-0002-9870-000X; Boneh, Yuval/0000-0002-0081-0113; Tong, Xinyue/0000-0003-0812-4510; van Zelst, Iris/0000-0003-4698-9910",Apr 16,2019,46,7,,10.1029/2018GL081585,http://dx.doi.org/10.1029/2018GL081585
Deep-Learning-Based Phase Picking for Volcano-Tectonic and Long-Period Earthquakes,"Zhong, Yiyuan; Tan, Yen Joe","Zhong, YY; Tan, YJ","Zhong, Yiyuan/MHQ-6279-2025; Tan, Yen Joe/I-5808-2019","Zhong, Yiyuan/0000-0001-5164-7734; Tan, Yen Joe/0000-0001-6377-7886",Jun 14,2024,51,12,e2024GL108438,10.1029/2024GL108438,http://dx.doi.org/10.1029/2024GL108438
The Response of Repetitive Very-Long-Period Seismic Signals at Aso Volcano to Periodic Loading,"Niu, Jieming; Song, Teh-Ru Alex","Niu, JM; Song, TRA","Song, Teh-Ru Alex/N-7607-2013","Song, Teh-Ru Alex/0000-0003-3697-5881; Niu, Jieming/0000-0002-4481-022X",May 16,2021,48,9,e2021GL092728,10.1029/2021GL092728,http://dx.doi.org/10.1029/2021GL092728
Solar Wind Drivers of Auroral Omega Bands,"Cribb, V.; Pulkkinen, T. I.; Kepko, L.; Gallardo-Lacourt, B.; Donovan, E.","Cribb, V; Pulkkinen, TI; Kepko, L; Gallardo-Lacourt, B; Donovan, E","; Pulkkinen, Tuija/D-8403-2012; Kepko, Larry/D-7747-2012","Cribb, Vivian/0009-0007-8667-6034; Pulkkinen, Tuija/0000-0002-6317-381X; Donovan, Elysia/0000-0002-7053-365X; Kepko, Larry/0000-0002-4911-8208",Aug 1,2024,51,15,e2024GL109756,10.1029/2024GL109756,http://dx.doi.org/10.1029/2024GL109756
"Variation of Proportionality Between Stress Drop and Slip, With Implications for Megathrust Earthquakes","Wu, Baoning; Kyriakopoulos, Christodoulos; Oglesby, David D.; Ryan, Kenny J.","Wu, BN; Kyriakopoulos, C; Oglesby, DD; Ryan, KJ","; Kyriakopoulos, Christodoulos/KMX-8500-2024","Oglesby, David/0000-0001-7779-8741; Kyriakopoulos, Christodoulos/0000-0001-9283-2282; Ryan, Kenny/0000-0003-3933-3163; Wu, Baoning/0000-0002-9609-4325",Feb 28,2023,50,4,e2022GL100568,10.1029/2022GL100568,http://dx.doi.org/10.1029/2022GL100568
Structural Characteristics of the Nankai Trough Shallow Plate Boundary Inferred From Shallow Very Low Frequency Earthquakes,"Takemura, Shunsuke; Matsuzawa, Takanori; Noda, Akemi; Tonegawa, Takashi; Asano, Youichi; Kimura, Takeshi; Shiomi, Katsuhiko","Takemura, S; Matsuzawa, T; Noda, A; Tonegawa, T; Asano, Y; Kimura, T; Shiomi, K","Kimura, Takeshi/ABD-1036-2020; SHIOMI, Katsuhiko/V-4649-2019; Tonegawa, Takashi/ABE-4102-2021; Takemura, Shunsuke/H-1873-2017; Matsuzawa, Takanori/C-1907-2018; Noda, Akemi/AAG-3294-2021","SHIOMI, Katsuhiko/0000-0003-3566-0749; Tonegawa, Takashi/0000-0002-3173-4934; Takemura, Shunsuke/0000-0002-7511-3443; Matsuzawa, Takanori/0000-0003-0440-251X; Noda, Akemi/0000-0002-9825-568X",Apr 28,2019,46,8,,10.1029/2019GL082448,http://dx.doi.org/10.1029/2019GL082448
Large-Scale Extensional Strain in Southern Tibet From Sentinel-1 InSAR and GNSS Data,"Chen, Han; Qu, Chunyan; Zhao, Dezheng; Shan, Xinjian; Li, Chenglong; Dal Zilio, Luca","Chen, H; Qu, CY; Zhao, DZ; Shan, XJ; Li, CL; Dal Zilio, L",,"Chen, Han/0000-0002-5029-070X",Sep 30,2024,51,19,e2024GL110512,10.1029/2024GL110512,http://dx.doi.org/10.1029/2024GL110512
An Analysis of Abandoned Oil Well Characteristics Affecting Methane Emissions Estimates in the Cherokee Platform in Eastern Oklahoma,"Saint-Vincent, Patricia M. B.; Reeder, Matthew D.; Sams, James I.; Pekney, Natalie J.","Saint-Vincent, PMB; Reeder, MD; Sams, JI; Pekney, NJ","Pekney, Natalie/AAL-1740-2021; Saint-Vincent, Patricia/AAI-1881-2019","Pekney, Natalie/0000-0002-3198-786X; Reeder, Matthew/0000-0001-5491-7007; Saint-Vincent, Patricia/0000-0001-6360-8206",Nov 28,2020,47,23,e2020GL089663,10.1029/2020GL089663,http://dx.doi.org/10.1029/2020GL089663
Shallow Seismicity Forecast for the India-Eurasia Collision Zone Based on Geodetic Strain Rates,"Zheng, Gang; Lou, Yidong; Wang, Hua; Geng, Jianghui; Shi, Chuang","Zheng, G; Lou, YD; Wang, H; Geng, JH; Shi, C","zheng, gang/KMX-5568-2024; Wang, Hua/A-4747-2009; Geng, Jianghui/D-9588-2011","Wang, Hua/0000-0002-7546-7591; Lou, Yidong/0000-0002-2675-5677; Geng, Jianghui/0000-0002-8776-5801",Sep 16,2018,45,17,,10.1029/2018GL078814,http://dx.doi.org/10.1029/2018GL078814